name	count
Aaron	14904
Abbott	51620
Abel	18243
Abell	6860
Abernathy	16194
Abney	9743
Abraham	25729
Abrams	24961
Abreu	13012
Acevedo	38232
Aceves	7502
Acker	10273
Ackerman	24862
Ackley	6895
Acosta	76477
Acuna	12537
Adair	17969
Adam	12209
Adame	11848
Adams	413086
Adamson	16080
Adcock	12550
Addison	16474
Adkins	71528
Adler	16305
Agee	10595
Agnew	9644
Aguayo	9878
Aguiar	7027
Aguilar	126399
Aguilera	21685
Aguirre	58918
Ahern	8046
Ahmad	11395
Ahmed	26607
Ahn	8130
Ahrens	9895
Aiello	8883
Aiken	12014
Ainsworth	9102
Akers	24353
Akin	8378
Akins	16860
Alanis	7567
Alaniz	14169
Alarcon	12821
Alba	9872
Albers	9531
Albert	31159
Albertson	9666
Albrecht	17256
Albright	24942
Alcala	12972
Alcantar	8802
Alcantara	8112
Alcaraz	8041
Alcorn	7716
Aldana	7128
Alderman	9734
Aldrich	17017
Aldridge	22160
Aleman	16379
Alexander	193443
Alfaro	24108
Alfonso	9632
Alford	30050
Ali	36079
Alicea	10246
Allan	10746
Allard	9657
Allen	463368
Alley	14285
Allison	51504
Allman	7879
Allred	16951
Almanza	10412
Almeida	13523
Almond	6893
Almonte	8149
Alonso	20802
Alonzo	16326
Alston	28089
Altamirano	8200
Altman	15916
Alvarado	93723
Alvarez	168817
Alves	11326
Amador	15997
Amaral	8510
Amaro	8593
Amato	12411
Amaya	22149
Ambriz	7291
Ambrose	16697
Ames	21855
Amin	7601
Ammons	8522
Amos	22817
Amundson	6589
Anaya	17405
Anders	15375
Andersen	33508
Anderson	762394
Andrade	46702
Andre	8249
Andres	10034
Andrew	13145
Andrews	129320
Andrus	9438
Angel	19316
Angeles	8873
Angell	7010
Angelo	7630
Anglin	9694
Anguiano	12006
Angulo	9293
Anthony	52146
Antoine	7606
Antonio	10267
Aparicio	8587
Apodaca	10054
Aponte	12905
Appel	7934
Apple	6898
Applegate	11569
Aquino	18472
Aragon	20723
Arana	6957
Aranda	14683
Araujo	12646
Arce	14855
Archer	33411
Archibald	7794
Archie	6487
Archuleta	11978
Ard	7147
Arellano	34999
Arenas	8220
Arevalo	15942
Arguello	6585
Argueta	9738
Arias	40086
Armendariz	9569
Armenta	10542
Armijo	7465
Armour	7711
Armstead	7162
Armstrong	129982
Arndt	14052
Arnett	16027
Arnold	136315
Arredondo	21785
Arreola	14874
Arriaga	12765
Arrington	21216
Arroyo	37678
Arsenault	8539
Arteaga	13185
Arthur	27383
Artis	8835
Asbury	8270
Ash	20500
Ashby	16723
Ashcraft	9701
Ashe	7485
Asher	12710
Ashford	8801
Ashley	37021
Ashton	11619
Ashworth	10079
Askew	13095
Atchison	7879
Atherton	6435
Atkins	49754
Atkinson	51489
Atwell	8159
Atwood	16754
Augustine	13093
Ault	7673
Austin	113160
Autry	8321
Avalos	25875
Avery	37440
Avila	69843
Aviles	18521
Avina	6631
Ayala	66515
Ayers	38836
Ayres	10989
Babb	12726
Babcock	21769
Baca	24572
Bach	11375
Bachman	12887
Back	8540
Backus	6822
Bacon	29312
Bader	9020
Badger	7620
Badillo	6980
Baer	16165
Baez	22512
Baeza	6436
Baggett	12586
Bagley	16739
Bagwell	10526
Bahr	7610
Bailey	265916
Bain	16845
Bair	11027
Baird	34233
Baker	413351
Balderas	11520
Baldwin	79151
Bales	13028
Ball	77561
Ballard	59660
Ballesteros	7714
Ballew	7616
Ballinger	7880
Baltazar	8650
Banda	10954
Bandy	8426
Banks	99294
Bankston	6736
Bannister	8110
Banuelos	14260
Baptiste	7353
Barajas	32147
Barba	9088
Barbee	10501
Barber	76504
Barbosa	13433
Barbour	14188
Barclay	11160
Bard	6470
Bare	6724
Barela	6822
Barfield	12670
Barger	14635
Barker	85221
Barkley	12940
Barksdale	9565
Barlow	30749
Barnard	19517
Barnes	210426
Barnett	92287
Barnette	8363
Barney	15556
Barnhart	19642
Barnhill	8926
Baron	15464
Barone	12208
Barr	42432
Barragan	16021
Barraza	13430
Barrera	43720
Barreto	7209
Barrett	95896
Barrientos	12690
Barringer	6634
Barrios	22941
Barron	46196
Barrow	15277
Barrows	7493
Barry	45044
Bartels	8478
Barth	14283
Bartholomew	14696
Bartlett	42512
Bartley	16154
Barton	66622
Basham	8604
Basile	7714
Baskin	6537
Bass	54296
Bassett	20032
Bastian	6461
Batchelor	9389
Bateman	18313
Bates	93743
Batista	13095
Batson	8613
Battaglia	8051
Batten	7267
Battle	23934
Battles	7260
Batts	7814
Bauer	61979
Baugh	12152
Baughman	13847
Baum	16109
Bauman	17328
Baumann	14131
Baumgartner	11078
Bautista	37847
Baxley	6641
Baxter	47857
Bayer	9246
Beach	29940
Beal	19922
Beale	7247
Beall	9011
Beals	6759
Beam	13230
Bean	37145
Bear	7672
Beard	47128
Bearden	13051
Beardsley	6689
Beasley	46179
Beattie	8941
Beatty	25245
Beaty	12588
Beauchamp	11165
Beaulieu	10336
Beaver	21963
Beavers	15316
Becerra	24468
Bechtel	6683
Beck	93161
Becker	88114
Beckett	11334
Beckham	9178
Beckman	15164
Beckwith	11703
Bedford	8651
Beebe	14813
Beeler	7856
Beers	10908
Beeson	6738
Begay	16076
Begley	8292
Behrens	10159
Belanger	12634
Belcher	27947
Bell	264752
Bellamy	15850
Bello	11933
Belt	8422
Belton	8111
Beltran	34736
Benavides	18617
Benavidez	10935
Bender	38464
Benedict	16846
Benitez	33441
Benjamin	36439
Benner	11479
Bennett	239055
Benoit	18842
Benson	84233
Bentley	38714
Benton	37032
Berg	48480
Berger	43556
Bergeron	19655
Bergman	17671
Bergstrom	8699
Berkowitz	6865
Berlin	7259
Berman	17346
Bermudez	19451
Bernal	29418
Bernard	36546
Bernhardt	7068
Bernier	8981
Bernstein	17969
Berrios	9590
Berry	129405
Berryman	7412
Bertram	7999
Bertrand	11619
Bess	9229
Best	36862
Betancourt	15876
Bethea	10811
Bethel	7285
Bettencourt	6888
Betts	19209
Betz	10017
Beverly	11631
Beyer	17910
Bianchi	7928
Bianco	8228
Bice	6731
Bickel	6903
Bickford	7752
Biddle	9085
Bigelow	11354
Biggs	22634
Bill	6445
Billings	21764
Billingsley	11460
Bills	9722
Binder	9674
Bingham	24327
Binkley	7038
Birch	11745
Bird	33962
Bischoff	6663
Bishop	114034
Bittner	9185
Bivens	9113
Black	150186
Blackburn	38137
Blackman	13897
Blackmon	20711
Blackwell	46495
Blackwood	7837
Blair	75135
Blake	69279
Blakely	11300
Blalock	11234
Blanchard	36764
Blanco	28843
Bland	25219
Blank	12706
Blankenship	42663
Blanton	23665
Blaylock	9683
Bledsoe	17934
Blevins	36841
Bliss	14273
Block	21686
Blocker	8752
Blodgett	6878
Bloom	23879
Blount	18882
Blue	22422
Blum	17262
Blunt	7526
Blythe	7827
Boatwright	7063
Bobbitt	6911
Bobo	8848
Bock	13369
Boehm	10717
Boettcher	6646
Bogan	7603
Boggs	27822
Bohannon	9473
Bohn	9397
Boland	11361
Bolanos	7745
Bolden	20015
Bolen	8927
Boles	14644
Bolin	12895
Boling	7338
Bollinger	12180
Bolt	6956
Bolton	31995
Bond	50980
Bonds	12763
Bone	10753
Bonham	6533
Bonilla	34824
Bonner	31761
Booher	6436
Booker	35101
Boone	51679
Booth	48580
Boothe	8215
Bordelon	6616
Borden	15342
Borders	8618
Boren	7232
Borges	10282
Bosch	6713
Bosley	6898
Boss	8547
Bostic	10615
Bostick	7614
Boston	15003
Boswell	21927
Botello	8287
Bouchard	12870
Boucher	19554
Boudreau	10037
Boudreaux	15240
Bounds	7822
Bourgeois	12765
Bourne	8884
Bourque	8635
Bowden	23677
Bowe	6510
Bowen	77078
Bowens	8270
Bower	21705
Bowers	64496
Bowie	10943
Bowles	23157
Bowlin	6871
Bowling	25938
Bowman	102239
Bowser	14071
Box	10320
Boyce	26229
Boyd	149476
Boyer	49601
Boykin	16565
Boyle	39141
Boyles	10869
Boynton	6816
Bozeman	6654
Bracken	8042
Brackett	10458
Bradbury	8065
Braden	13032
Bradford	51726
Bradley	131289
Bradshaw	40794
Brady	71175
Bragg	21540
Branch	33040
Brand	18750
Brandenburg	9338
Brandon	25600
Brandt	35616
Branham	13550
Brannan	6820
Brannon	15640
Branson	10941
Brant	10355
Brantley	19953
Braswell	13383
Bratcher	8469
Bratton	9053
Braun	32676
Bravo	27576
Braxton	11249
Bray	34575
Breaux	12046
Breeden	11039
Breedlove	8673
Breen	13237
Bremer	6581
Brennan	48296
Brenner	15809
Brent	7436
Brewer	100465
Brewster	18554
Brice	11153
Bricker	7463
Bridges	52260
Briggs	57297
Bright	32042
Briley	7155
Brill	9069
Brink	11638
Brinkley	13121
Brinkman	9968
Brinson	11380
Briones	11143
Briscoe	13030
Briseno	8312
Bristol	7296
Bristow	7134
Brito	14740
Britt	30200
Brittain	8294
Britton	28001
Broadway	6461
Brock	59682
Brockman	10837
Broderick	10154
Brody	6494
Brogan	7362
Bronson	11007
Brooks	240751
Broome	9749
Brothers	11294
Broughton	11574
Broussard	25735
Brower	14930
Brown	1380145
Browne	21109
Brownell	6959
Browning	42642
Brownlee	10839
Broyles	9557
Brubaker	11588
Bruce	52004
Brumfield	11350
Brumley	6820
Bruner	15404
Brunner	15105
Bruno	28729
Bruns	10876
Brunson	16118
Brush	6561
Bryan	55269
Bryant	183761
Bryson	17680
Buchanan	63825
Bucher	7412
Buchholz	7735
Buck	42441
Buckingham	7829
Buckley	40706
Buckner	23645
Budd	7936
Buell	6462
Bueno	12845
Buffington	8714
Buford	8751
Bui	20852
Bull	11254
Bullard	22539
Bullock	43021
Bunch	21574
Bundy	11806
Bunker	7276
Bunn	10800
Bunting	8423
Burch	35521
Burchett	7979
Burchfield	6628
Burd	6461
Burden	12299
Burdette	11125
Burdick	14131
Burge	10043
Burger	19654
Burgess	71604
Burgos	19816
Burk	15048
Burke	119175
Burkett	17959
Burkhardt	8082
Burkhart	15718
Burkholder	10182
Burks	26115
Burleson	12637
Burley	8743
Burnett	57859
Burnette	16409
Burney	8653
Burnham	15299
Burns	162153
Burnside	8470
Burr	14839
Burrell	23048
Burris	25998
Burroughs	16702
Burrow	7321
Burrows	16972
Burt	25649
Burton	107158
Busby	15424
Busch	17089
Bush	81524
Buss	9460
Bussey	7063
Bustamante	18363
Bustos	12401
Butcher	22077
Butler	210879
Butt	6732
Butterfield	11224
Button	7111
Butts	23540
Buxton	7293
Byars	6573
Byers	31299
Byler	9070
Bynum	15204
Byrd	88811
Byrne	28963
Byrnes	10913
Byron	6709
Caballero	20270
Cable	9551
Cabral	19384
Cabrera	57171
Caceres	8050
Cade	7693
Cadena	9123
Cady	8745
Cagle	17380
Cahill	20181
Cain	57873
Calabrese	8537
Calderon	54691
Caldwell	91338
Calhoun	41452
Calkins	8773
Call	14903
Callahan	49925
Callaway	13354
Calloway	15784
Calvert	17169
Calvillo	7265
Calvin	8907
Camacho	49000
Camarena	8094
Camargo	6520
Camarillo	7928
Cameron	52439
Camp	29432
Campbell	371953
Campos	69950
Canada	8910
Canady	8474
Canales	17381
Candelaria	7208
Canfield	11427
Cannon	67923
Cano	27179
Cantrell	34674
Cantu	39601
Cantwell	6478
Canty	7769
Cao	11106
Capps	18013
Caputo	10141
Caraballo	9794
Carbajal	14993
Carbone	10012
Card	12532
Carden	8506
Cardenas	56618
Cardona	23806
Cardoso	7361
Cardoza	10335
Cardwell	11450
Carey	54924
Carl	12060
Carlin	11509
Carlisle	19718
Carlos	12162
Carlson	120124
Carlton	20727
Carman	11048
Carmichael	19011
Carmona	18289
Carnahan	7177
Carnes	14158
Carney	32282
Caron	12343
Carpenter	127073
Carr	113892
Carranza	19375
Carrasco	24343
Carreon	9218
Carrera	11752
Carrier	13413
Carrillo	67054
Carrington	12093
Carrion	8129
Carroll	131020
Carson	55821
Carter	362548
Cartwright	21654
Caruso	20257
Carvalho	9131
Carver	31566
Cary	12013
Casanova	7533
Casas	14635
Case	38759
Casey	64815
Cash	28572
Casillas	17498
Cason	11401
Casper	12458
Cass	7695
Cassell	7280
Cassidy	26011
Castaneda	51089
Casteel	8216
Castellano	9732
Castellanos	20985
Castillo	165473
Castle	19768
Castleberry	7984
Casto	7528
Castro	133254
Caswell	9692
Catalano	9671
Cates	17907
Cathey	8538
Cato	7940
Caudill	18336
Caudle	8031
Causey	11061
Cavanaugh	17137
Cavazos	14543
Cave	8273
Cazares	11531
Ceballos	11088
Cecil	11758
Cedeno	7014
Cedillo	7085
Ceja	12199
Centeno	10188
Cepeda	8544
Cerda	13215
Cervantes	57685
Cha	7698
Chacon	21153
Chadwick	15913
Chaffin	9505
Chamberlain	27928
Chamberlin	9655
Chambers	90325
Champagne	11369
Champion	16900
Chan	65719
Chance	13586
Chandler	76114
Chaney	32433
Chang	69756
Chao	8633
Chapa	13370
Chapin	10242
Chapman	124614
Chappell	23001
Charles	51518
Charlton	9837
Chase	50777
Chastain	13403
Chatman	13935
Chau	13238
Chavarria	13093
Chaves	7055
Chavez	185865
Chavira	6507
Chavis	13744
Cheatham	12403
Cheek	15566
Chen	105544
Cheney	12970
Cheng	26023
Cherry	34615
Chester	14595
Chestnut	7772
Cheung	16067
Chew	8516
Chiang	7290
Childers	30079
Childress	24485
Childs	27266
Chin	25673
Ching	6919
Chisholm	12027
Chism	8030
Chiu	11321
Cho	25305
Choate	11051
Choe	6926
Choi	36390
Chong	12976
Chou	7885
Chow	15650
Chrisman	6613
Christ	6985
Christensen	71144
Christenson	10530
Christian	51177
Christiansen	18676
Christianson	11866
Christie	17582
Christman	11693
Christopher	28493
Christy	13295
Chu	24381
Chun	11154
Chung	36422
Church	35539
Churchill	12108
Cintron	10158
Cisneros	37050
Clancy	12066
Clanton	7651
Clapp	8717
Clark	548369
Clarke	62546
Clarkson	8498
Clary	10918
Clausen	8895
Clawson	10489
Clay	46264
Clayton	54875
Cleary	15685
Clegg	7723
Clem	8087
Clemens	13995
Clement	23233
Clemente	7453
Clements	37237
Clemmons	7515
Clemons	25265
Cleveland	30233
Clevenger	12146
Clifford	21974
Clifton	24523
Cline	49167
Clinton	15714
Close	9261
Cloud	13985
Clough	9032
Clouse	8341
Cloutier	7434
Coates	21652
Coats	15265
Cobb	63739
Coble	9010
Coburn	13514
Cochran	58233
Cochrane	8228
Cockrell	9397
Cody	18853
Coe	16706
Coffey	35442
Coffin	8183
Coffman	24733
Coggins	7868
Cohen	87226
Cohn	9859
Coker	22636
Colbert	21306
Colburn	9871
Colby	11023
Cole	187793
Coleman	208624
Coles	13641
Coley	14879
Collado	6854
Collazo	11365
Collett	7768
Colley	8707
Collier	54414
Collins	317848
Colon	55512
Colson	9373
Colvin	21908
Colwell	10081
Combs	53180
Comeaux	6702
Comer	16619
Compton	34788
Comstock	10298
Conaway	7878
Concepcion	9222
Conde	7581
Condon	12690
Cone	9824
Conger	6725
Conklin	23371
Conley	54194
Conlon	7456
Conn	14553
Connell	22183
Connelly	22747
Conner	62335
Connolly	28821
Connor	28107
Connors	19320
Conover	8562
Conrad	40102
Conroy	16309
Conte	8435
Conti	10284
Contreras	92660
Conway	43395
Cook	294795
Cooke	31860
Cooksey	6845
Cooley	32287
Coombs	9171
Coon	16890
Cooney	12136
Coons	8374
Cooper	270097
Cope	18110
Copeland	53771
Copley	6485
Coppola	8439
Corbett	25722
Corbin	25696
Corcoran	17321
Cordell	8776
Corder	6912
Cordero	23127
Cordova	35074
Corey	15488
Corley	17609
Cormier	16513
Corn	6643
Cornejo	12416
Cornelius	19342
Cornell	21060
Cornett	15314
Cornish	7887
Cornwell	11893
Corona	29525
Coronado	20503
Corral	13252
Corrales	8373
Correa	28910
Correia	8993
Correll	6452
Corrigan	11117
Cortes	30141
Cortez	77492
Corwin	6863
Cosby	10121
Cosgrove	9393
Costa	35227
Costello	31266
Cota	9356
Cote	20894
Cotter	11977
Cotton	31759
Cottrell	16288
Couch	26135
Coughlin	14226
Coulter	20252
Council	6584
Counts	9584
Courtney	26668
Cousins	8691
Couture	8222
Covarrubias	12543
Covert	8114
Covey	8495
Covington	25403
Cowan	32242
Cowart	11243
Cox	253771
Coy	15561
Coyle	19424
Coyne	11388
Crabtree	25929
Craddock	8402
Craft	30653
Craig	89591
Crain	17110
Cramer	29666
Crandall	16212
Crane	37123
Cranford	9429
Craven	15149
Crawford	158121
Crawley	12000
Creamer	8185
Creech	13770
Creel	8500
Creighton	7126
Crenshaw	17402
Crespo	13835
Crews	23167
Crider	10469
Crisp	12581
Crist	10122
Criswell	8038
Crites	7061
Crocker	20047
Crockett	22850
Croft	12702
Cromer	7963
Cromwell	7687
Cronin	18710
Crook	14279
Crooks	9806
Crosby	38844
Cross	75134
Crouch	24146
Crouse	13654
Crow	23031
Crowder	23409
Crowe	29260
Crowell	17136
Crowley	30416
Crum	17452
Crump	19973
Cruse	8422
Crutchfield	8799
Cruz	231065
Cuellar	17217
Cuevas	32015
Culbertson	10147
Cullen	19665
Culp	13035
Culpepper	10061
Culver	17231
Cummings	76707
Cummins	20072
Cunningham	131896
Cupp	7104
Curiel	7621
Curley	11772
Curran	24559
Currie	16627
Currier	9870
Curry	71344
Curtin	9350
Curtis	98958
Cushing	6498
Cushman	7171
Custer	10684
Cutler	15087
Cyr	11611
Dabney	6878
Dagostino	8224
Dahl	20616
Daigle	13784
Dailey	30894
Daily	11041
Dale	28994
Daley	23132
Dallas	8811
Dalrymple	6674
Dalton	50166
Daly	30434
Damato	6521
Damico	12966
Damon	7344
Damron	8172
Dang	21953
Dangelo	11587
Daniel	75135
Daniels	138776
Danielson	12622
Danner	10422
Dao	8163
Darby	17854
Darden	12652
Darling	17855
Darnell	17775
Darr	6568
Dasilva	13978
Daugherty	34650
Davenport	54206
Davey	8816
David	38659
Davidson	102044
Davies	32165
Davila	34541
Davis	1072335
Davison	21627
Dawkins	13940
Dawson	80190
Day	101676
Dayton	8237
Deal	20128
Dean	109230
Deanda	6944
Deangelis	7760
Deaton	13829
Deboer	7456
Decker	54450
Dees	10708
Deguzman	7487
Dehart	9589
Dejesus	31803
Delacruz	49158
Delagarza	9068
Delaney	31236
Delarosa	28134
Delatorre	20614
Deleon	65598
Delgadillo	11107
Delgado	98675
Dell	8563
Dellinger	8091
Deloach	9031
Delong	17575
Delossantos	13802
Delrio	7580
Deluca	15928
Deluna	7684
Delvalle	9545
Demarco	14463
Demers	9009
Dempsey	26403
Denham	7913
Denney	12333
Denning	7611
Dennis	74784
Dennison	14132
Denny	17366
Denson	11725
Dent	14082
Denton	27112
Derosa	8210
Derr	7411
Derrick	9182
Desai	13057
Desantis	9997
Desimone	8242
Desmond	7233
Destefano	7103
Deutsch	8728
Devine	23016
Devito	7707
Devlin	12460
Devore	11040
Devries	12958
Dewey	12174
Dewitt	25448
Dexter	9660
Deyoung	7670
Dial	11089
Diamond	20860
Dias	13847
Diaz	251772
Dick	21933
Dickens	18181
Dickerson	51017
Dickey	23401
Dickinson	26144
Dickson	34698
Diehl	18538
Dietrich	15761
Dietz	18568
Diggs	13405
Dill	17562
Dillard	30118
Dillon	48833
Dinh	11836
Dion	8160
Dionne	6443
Dix	9714
Dixon	152015
Do	21230
Doan	15902
Dobbins	14615
Dobbs	18021
Dobson	18342
Dockery	11108
Dodd	30029
Dodds	8534
Dodge	21833
Dodson	37298
Doe	11603
Doherty	26978
Dolan	27252
Doll	9553
Dombrowski	6873
Domingo	7922
Dominguez	83731
Donahue	31251
Donald	11763
Donaldson	35387
Donato	7118
Dong	7327
Donley	7382
Donnelly	30919
Donohue	13416
Donovan	39270
Dooley	22798
Doolittle	6658
Doran	16509
Dorman	11698
Dorn	10107
Dorris	6556
Dorsey	41104
Doss	20623
Dotson	31784
Doty	17874
Doucette	8348
Dougherty	37903
Doughty	11525
Douglas	96425
Douglass	14236
Dove	14106
Dover	9191
Dow	14622
Dowd	13279
Dowdy	13249
Dowell	15226
Dowling	15581
Downey	26206
Downing	27879
Downs	33494
Doyle	73518
Dozier	15207
Drake	59055
Draper	23242
Drayton	6944
Drew	22555
Dreyer	6559
Driggers	7243
Driscoll	23063
Driver	15036
Drummond	17032
Drury	10626
Duarte	31896
Dube	8484
Dubois	22455
Dubose	12377
Duckett	6524
Duckworth	11762
Dudley	34770
Duenas	9976
Duff	16119
Duffy	37962
Dugan	21267
Dugas	6918
Duggan	11941
Dugger	9097
Duke	33745
Dukes	20870
Dumas	16660
Dumont	6472
Dunaway	10742
Dunbar	24871
Duncan	130419
Dunham	21772
Dunlap	38516
Dunn	136955
Dunne	8698
Dunning	10583
Duong	18404
Dupont	9880
Dupre	8072
Dupree	15647
Dupuis	8087
Duran	68046
Durand	7999
Durant	11699
Durbin	14034
Durham	42365
Durkin	7576
Durr	6594
Dutton	16774
Duval	8575
Duvall	19369
Dvorak	7616
Dwyer	26759
Dye	27627
Dyer	46574
Dykes	13891
Dykstra	7451
Dyson	11502
Eads	8853
Eagle	7949
Earl	15347
Earle	8373
Earley	9701
Early	13855
Earnest	7865
Easley	15902
Eason	16923
East	12357
Easter	11941
Easterling	7761
Eastman	16295
Easton	9692
Eaton	46403
Eaves	7674
Ebert	12440
Echevarria	7590
Echeverria	6481
Echols	13741
Eck	7670
Eckert	17161
Eddy	19230
Eden	7062
Edgar	11607
Edge	11216
Edmond	7940
Edmonds	24210
Edmondson	13107
Edwards	317070
Egan	22491
Eggers	7895
Eggleston	9951
Ehlers	7442
Eisenberg	6728
Elam	13776
Elder	28783
Eldridge	24510
Elias	19394
Elizondo	12183
Elkins	23953
Eller	13243
Ellington	11030
Elliot	8714
Elliott	132457
Ellis	181934
Ellison	41459
Ellsworth	13213
Elmore	25280
Elrod	10661
Ely	12884
Embry	8379
Emerson	30028
Emery	25338
Emmons	13162
Eng	10102
Engel	21567
England	28861
Engle	19022
English	45032
Ennis	16102
Enos	7978
Enright	6702
Enriquez	29886
Epperson	12400
Epps	18780
Epstein	13269
Erb	8810
Erdman	6624
Erickson	80936
Ernst	18521
Ervin	24511
Erwin	22120
Escalante	14032
Escamilla	15278
Escobar	42955
Escobedo	21790
Esparza	32772
Espinal	10534
Espino	10968
Espinosa	30538
Espinoza	79322
Esposito	22651
Esquivel	26301
Estep	13793
Estes	35839
Estevez	7702
Estrada	92831
Estrella	10167
Etheridge	10041
Ethridge	7759
Eubanks	19616
Evangelista	6871
Evans	342237
Everett	38702
Everhart	10118
Evers	9289
Everson	7422
Ewing	32925
Ezell	10926
Faber	10061
Fabian	10951
Fagan	16779
Fahey	9118
Fain	7865
Fair	17658
Fairbanks	8948
Fairchild	13700
Faircloth	8665
Faison	7728
Fajardo	10530
Falcon	11371
Falcone	6881
Falk	11575
Fallon	12744
Falls	7615
Fang	6791
Fanning	10836
Farber	6896
Farias	11977
Farkas	6613
Farley	37116
Farmer	68309
Farnsworth	11563
Farr	19242
Farrar	14451
Farrell	51095
Farrington	8766
Farris	28928
Farrow	10282
Faulk	11148
Faulkner	35389
Faust	15799
Fay	14992
Fazio	7267
Fee	6687
Feeney	9402
Felder	11976
Feldman	23195
Feliciano	17112
Felix	31631
Feller	6650
Fellows	7745
Felton	15734
Felts	6652
Fennell	10884
Fenner	6992
Fenton	15220
Ferguson	142256
Fernandes	14385
Fernandez	139302
Ferrara	13357
Ferrari	7759
Ferraro	12090
Ferreira	22320
Ferrell	32174
Ferrer	13010
Ferris	20743
Ferro	6872
Ferry	11190
Fiedler	7144
Field	24374
Fielder	6947
Fields	103242
Fierro	11891
Fife	6574
Figueroa	72533
Finch	29703
Fincher	7898
Findley	9060
Fine	11518
Fink	28417
Finley	36874
Finn	20218
Finnegan	10740
Finney	16919
Fiore	9483
Fischer	70095
Fish	24612
Fisher	210279
Fishman	6777
Fisk	9742
Fitch	18740
Fitzgerald	73522
Fitzpatrick	39501
Fitzsimmons	9095
Flagg	6589
Flaherty	17513
Flanagan	29563
Flanders	8291
Flanigan	7175
Flannery	10198
Fleck	8516
Fleming	87949
Fletcher	80932
Flick	7706
Flint	14683
Flood	16652
Flora	7529
Florence	8943
Flores	312615
Florez	8775
Flowers	54277
Floyd	64141
Flynn	61747
Fogarty	7879
Fogle	9994
Foley	50852
Folsom	7505
Foltz	8520
Fong	16614
Fonseca	19513
Fontaine	11542
Fontana	7525
Fontenot	19203
Foote	16093
Forbes	32228
Ford	178397
Foreman	27130
Forman	12202
Forney	6600
Forrest	22124
Forrester	13276
Forster	9033
Forsyth	8313
Forsythe	11382
Fort	7900
Forte	11387
Fortier	7543
Fortin	8379
Fortner	11209
Fortune	11016
Foss	13737
Foster	221040
Fountain	19094
Fournier	14221
Foust	12145
Fowler	102620
Fox	147357
Foy	13630
Fraley	11449
Frame	8486
France	11936
Francis	71723
Francisco	17976
Franco	53161
Francois	10794
Frank	65918
Franke	7375
Frankel	6633
Franklin	114859
Franks	29531
Frantz	12252
Franz	11553
Fraser	24616
Frasier	7903
Frazer	7547
Frazier	88325
Frederick	39909
Fredericks	7486
Fredrick	6612
Fredrickson	8851
Free	9666
Freed	9471
Freedman	8926
Freeland	8455
Freeman	162686
Freitas	10250
French	63149
Freund	7126
Frey	32735
Frias	12357
Frick	9562
Friday	6750
Friedman	36833
Friend	17312
Fries	8357
Fritz	33068
Frost	40582
Fry	37542
Frye	36716
Fryer	7506
Fuchs	12707
Fuentes	56441
Fugate	10055
Fulcher	6521
Fuller	106682
Fullerton	8359
Fulmer	9422
Fulton	31513
Fultz	11028
Fung	7518
Funk	24032
Fuqua	8031
Furlong	6558
Furman	8976
Furr	8021
Fusco	8653
Gabel	6776
Gable	9421
Gabriel	22013
Gaddis	8926
Gaddy	7926
Gaffney	12469
Gage	16022
Gagne	9534
Gagnon	20567
Gaines	42369
Gainey	8099
Gaither	10255
Galarza	7811
Galbraith	8555
Gale	15193
Galindo	26730
Gall	9136
Gallagher	68075
Gallant	8855
Gallardo	22435
Gallegos	54672
Gallo	21149
Galloway	33773
Galvan	40046
Galvez	14311
Galvin	11499
Gamble	32377
Gamboa	15117
Gamez	16812
Gandy	9990
Gann	12563
Gannon	14565
Gant	13268
Gantt	8695
Gaona	6677
Garay	10142
Garber	12558
Garcia	858289
Gardiner	10886
Gardner	138660
Garibay	9623
Garland	25725
Garman	7428
Garner	72052
Garnett	9849
Garrett	107777
Garris	7151
Garrison	50482
Garrity	6890
Garvey	11113
Garvin	13027
Gary	21213
Garza	124130
Gaskin	6754
Gaskins	9869
Gaspar	7601
Gass	6850
Gaston	18348
Gates	50748
Gatewood	7999
Gatlin	10162
Gauthier	16419
Gavin	13515
Gay	32672
Gayle	6712
Gaytan	10164
Gearhart	7504
Geary	12168
Gee	23826
Geer	8509
Geiger	21785
Gentile	14938
Gentry	42357
George	119778
Gerard	8646
Gerber	16348
Gerlach	7181
German	14769
Getz	7694
Geyer	7838
Gibbons	28993
Gibbs	62514
Gibson	184420
Giddens	6629
Giese	6574
Gifford	19171
Gil	19403
Gilbert	112406
Gilbertson	8533
Gilchrist	12210
Giles	39002
Gill	68699
Gillen	8054
Gillespie	41393
Gillette	12414
Gilley	9944
Gilliam	28075
Gilliland	13170
Gillis	18438
Gilman	11948
Gilmer	6500
Gilmore	47050
Gilson	7197
Gingerich	6674
Ginn	7928
Giordano	16036
Gipson	18289
Girard	12407
Giron	10874
Givens	23823
Gladden	6909
Glaser	10271
Glasgow	8621
Glass	40724
Glaze	6709
Gleason	25007
Glenn	49241
Glick	9394
Glover	64180
Glynn	9210
Goad	8913
Goble	8580
Goddard	15157
Godfrey	27700
Godinez	14152
Godoy	8274
Godwin	22062
Goebel	8794
Goetz	13495
Goff	31806
Goforth	8614
Goins	21872
Gold	18237
Goldberg	29968
Golden	47839
Goldman	24086
Goldsmith	16238
Goldstein	30429
Gomes	20532
Gomez	263590
Gonsalves	7690
Gonzales	193934
Gonzalez	597718
Gooch	11107
Good	34430
Goode	21226
Gooden	10338
Goodin	6894
Gooding	6795
Goodman	71482
Goodrich	19399
Goodson	15229
Goodwin	70333
Goolsby	7389
Gordon	154934
Gore	24449
Gorham	8113
Gorman	31285
Gorski	7352
Gosnell	6988
Goss	25464
Gossett	11059
Gottlieb	6511
Gough	8408
Gould	37660
Gower	6469
Graber	10402
Grabowski	8975
Grace	26727
Gracia	7514
Grady	25121
Graf	13558
Graff	12601
Graham	194074
Granados	17463
Grande	6572
Granger	16721
Grant	134034
Grantham	10139
Grasso	7768
Graves	82179
Gray	236713
Grayson	16158
Graziano	7432
Greathouse	7740
Greco	17013
Green	413477
Greenberg	20908
Greene	119604
Greenfield	11864
Greenlee	8531
Greenwell	6454
Greenwood	24301
Greer	54611
Gregg	25457
Gregory	88810
Greiner	8240
Gresham	11173
Grey	12338
Grice	8483
Grider	6685
Griego	7883
Grier	13098
Griffin	190636
Griffis	7895
Griffith	77429
Griffiths	13563
Griggs	23756
Grigsby	11017
Grim	7233
Grimes	49245
Grimm	21757
Grisham	6796
Grissom	11131
Griswold	10396
Groff	9779
Grogan	11302
Grooms	10640
Gross	74285
Grossman	17811
Groth	6508
Grove	21969
Grover	16551
Groves	24260
Grubb	14740
Grubbs	15453
Gruber	13903
Guajardo	11143
Guardado	7769
Guarino	6632
Guenther	9512
Guerra	54575
Guerrero	94152
Guess	7569
Guest	9309
Guevara	30844
Guffey	6995
Guidry	19967
Guillen	21257
Guillory	14351
Guinn	12641
Gulley	9986
Gunderson	13583
Gunn	22120
Gunter	23775
Gunther	8069
Gupta	10376
Gurley	8042
Gustafson	26433
Guthrie	31530
Gutierrez	212905
Guy	27934
Guyton	7634
Guzman	118390
Ha	12988
Haag	9645
Haas	34032
Haase	8684
Hacker	13178
Hackett	19637
Hackney	9291
Haddad	9317
Haddock	7628
Hadley	20710
Hagan	19973
Hagen	23175
Hager	20422
Haggard	8300
Haggerty	10961
Hahn	38354
Haight	6739
Hailey	7008
Haines	29065
Hair	8231
Hairston	14891
Hale	82955
Hales	7743
Haley	36433
Hall	473568
Haller	9562
Hallman	9642
Halsey	7420
Halstead	8713
Halverson	11377
Ham	15843
Hamblin	8421
Hamby	13802
Hamel	10592
Hamer	6526
Hamilton	194331
Hamlin	16358
Hamm	26392
Hammer	21947
Hammett	7206
Hammock	7287
Hammond	67063
Hammonds	12238
Hammons	11008
Hampton	66378
Hamrick	12099
Han	20318
Hancock	49330
Hand	22034
Handley	9671
Handy	13655
Hanes	9020
Haney	32644
Hankins	21138
Hanks	17141
Hanley	19160
Hanlon	10138
Hanna	35599
Hannah	19164
Hannon	11578
Hansen	133474
Hanson	109079
Harbin	8259
Hard	6831
Harden	25241
Harder	9863
Hardesty	10425
Hardin	41664
Harding	38340
Hardison	7909
Hardman	9101
Hardwick	10324
Hardy	76608
Hare	15739
Hargis	8361
Hargrave	6930
Hargrove	19555
Harkins	11598
Harlan	10775
Harless	6580
Harley	11409
Harlow	11128
Harman	14237
Harmon	72414
Harms	13468
Harp	13295
Harper	119868
Harrell	48471
Harrelson	7639
Harrington	65131
Harris	593542
Harrison	175577
Harry	8799
Hart	132466
Harter	9843
Hartley	30236
Hartman	63827
Hartmann	10612
Hartwell	6621
Harvey	112136
Harwell	7219
Harwood	11138
Haskell	9376
Haskins	16457
Hass	6672
Hassan	11993
Hastings	27201
Hasty	6641
Hatch	25564
Hatcher	28424
Hatfield	33464
Hathaway	18041
Hatton	11292
Hauck	7893
Haugen	9146
Hauser	15648
Havens	11214
Hawes	9522
Hawk	16240
Hawkins	134066
Hawks	8337
Hawley	16578
Hawthorne	15968
Hay	17824
Hayden	36024
Hayes	187473
Haynes	82037
Hays	33194
Hayward	15044
Haywood	17485
Hazel	7234
Hazen	7345
He	7057
Head	27218
Headley	8830
Healey	10327
Healy	21407
Heard	22211
Hearn	14680
Heath	50307
Heaton	13700
Hebert	40283
Hecht	7333
Heck	13744
Heckman	9637
Hedges	9371
Hedrick	18359
Heffernan	6532
Heffner	7029
Heflin	7431
Hefner	8073
Heil	8228
Heilman	6641
Heim	8627
Hein	12953
Heinrich	8240
Heinz	8300
Held	9126
Heller	25371
Helm	16700
Helms	29727
Helton	24624
Hembree	6603
Hemphill	13054
Henderson	210094
Hendrick	7939
Hendricks	41879
Hendrickson	29496
Hendrix	34032
Henke	7557
Henley	20276
Hennessey	8036
Hennessy	9187
Henning	16153
Henriquez	9824
Henry	161392
Hensley	49858
Henson	46609
Her	10434
Herbert	25224
Herbst	8093
Heredia	12703
Herman	42091
Hermann	8288
Hernandes	7313
Hernandez	706372
Herndon	18838
Herr	12466
Herrera	140786
Herrick	12002
Herrin	7667
Herring	37353
Herrington	13628
Herrmann	13056
Herron	25776
Hershberger	10693
Herzog	10825
Hess	57822
Hester	34675
Hetrick	6548
Hewitt	28857
Hiatt	10096
Hibbard	7617
Hickey	28970
Hickman	40224
Hicks	153618
Hidalgo	16824
Higdon	9310
Higginbotham	14404
Higgins	78107
Higgs	10026
High	13236
Hightower	19054
Hildebrand	11272
Hildreth	7302
Hill	411770
Hiller	9063
Hilliard	19564
Hillman	15448
Hills	12867
Hilton	28098
Himes	8419
Hinds	14291
Hines	68145
Hinkle	22581
Hinojosa	21228
Hinson	19293
Hinton	33209
Hintz	7242
Hirsch	16864
Hitchcock	13664
Hite	11776
Hitt	7700
Ho	40413
Hoag	6822
Hoang	21269
Hobbs	47220
Hobson	16517
Hoch	7048
Hodge	50577
Hodges	68868
Hodgson	9908
Hofer	8283
Hoff	17408
Hoffman	132645
Hoffmann	15970
Hofmann	8824
Hogan	61651
Hogg	7299
Hogue	15442
Hoke	8531
Holbert	6627
Holbrook	23317
Holcomb	28668
Holcombe	7989
Holden	34041
Holder	32466
Holguin	13039
Holiday	6491
Holland	99885
Holley	29215
Holliday	19488
Hollingsworth	23294
Hollins	9060
Hollis	27597
Holloman	7003
Holloway	55466
Holly	8856
Holm	12894
Holman	31514
Holmes	150166
Holt	84710
Holton	11436
Holtz	9160
Homan	9355
Honeycutt	16330
Hong	24017
Hood	53737
Hook	13171
Hooker	16479
Hooks	16341
Hooper	34084
Hoover	56068
Hope	16710
Hopkins	94603
Hoppe	9115
Hopper	26956
Hopson	12050
Horan	10182
Horn	51380
Horne	36288
Horner	23308
Horning	6733
Hornsby	7164
Horowitz	9379
Horst	8208
Horton	83523
Horvath	15538
Hoskins	23358
Hostetler	11659
Houck	12458
Hough	15090
Houghton	11019
Houle	7698
House	40477
Houser	20078
Houston	54026
Howard	254779
Howe	40555
Howell	109634
Howerton	6486
Howes	6652
Howland	8661
Hoy	9522
Hoyle	9455
Hoyt	20707
Hsu	14838
Hu	12056
Huang	44715
Hubbard	68021
Huber	36729
Hubert	9967
Huddleston	16872
Hudgins	11569
Hudson	130793
Huebner	6717
Huerta	33348
Huey	9881
Huff	53892
Huffman	49737
Huggins	21499
Hughes	229390
Hughey	6901
Hull	41656
Hulsey	9152
Hume	6724
Hummel	14878
Humphrey	47470
Humphreys	13548
Humphries	17785
Hundley	8382
Hunt	151986
Hunter	154410
Huntington	6991
Huntley	12175
Hurd	19856
Hurley	38971
Hurst	44587
Hurt	20753
Hurtado	22247
Huskey	6821
Hussain	11070
Hussey	9106
Huston	16364
Hutchens	7901
Hutcheson	8174
Hutchings	8182
Hutchins	25633
Hutchinson	47809
Hutchison	23391
Hutson	15430
Hutto	8277
Hutton	17961
Huynh	40011
Hwang	13610
Hyatt	18396
Hyde	28604
Hyland	7850
Hylton	7765
Hyman	11354
Hynes	7807
Ibarra	46895
Ibrahim	8590
Iglesias	7975
Infante	8467
Ingle	10169
Ingram	66665
Iniguez	6621
Inman	23460
Irby	11040
Ireland	14168
Irish	7192
Irizarry	11538
Irons	7145
Irvin	20776
Irvine	9127
Irving	13997
Irwin	34374
Isaac	16312
Isaacs	14379
Isaacson	7425
Isbell	9709
Isom	9951
Israel	9401
Iverson	15366
Ives	8053
Ivey	22552
Ivory	6645
Ivy	12760
Jablonski	7336
Jack	13990
Jackman	7140
Jackson	666125
Jacob	21354
Jacobo	7566
Jacobs	115540
Jacobsen	18831
Jacobson	44874
Jacoby	9225
Jacques	12942
Jaeger	12298
Jaime	10151
Jaimes	10661
James	233224
Jameson	12868
Jamieson	7164
Jamison	26476
Janes	7489
Jankowski	9060
Jansen	16036
Janssen	10720
Jaramillo	28024
Jarrell	13224
Jarrett	20449
Jarvis	34050
Jasper	9125
Jasso	9938
Jauregui	9210
Javier	6594
Jay	9771
Jean	15321
Jeffers	16895
Jefferson	51361
Jeffery	9048
Jeffrey	10925
Jeffries	22839
Jenkins	213737
Jenks	7138
Jennings	87038
Jensen	112332
Jenson	7532
Jernigan	15298
Jerome	8179
Jessup	7028
Jester	7407
Jeter	12419
Jett	11275
Jewell	23143
Jewett	8030
Jiang	8582
Jimenez	157475
Jobe	7977
Joe	8382
Johansen	9509
John	27643
Johns	47289
Johnsen	7381
Johnson	1857160
Johnston	128935
Johnstone	7227
Joiner	15595
Jolley	9126
Jolly	15166
Jonas	8572
Jones	1362755
Jordan	197212
Jorgensen	19906
Jorgenson	7150
Jose	7389
Joseph	80030
Joslin	6803
Joy	12741
Joyce	33843
Joyner	28216
Juarez	68785
Judd	17532
Judge	10091
Judy	6736
Julian	14625
Jung	17395
Jurado	6809
Justice	30956
Justus	6649
Kahn	14570
Kaiser	32567
Kaminski	14190
Kane	48527
Kang	23565
Kaplan	29410
Karr	9635
Kasper	10005
Katz	30615
Kauffman	20576
Kaufman	34786
Kaufmann	6664
Kaur	21825
Kay	23189
Kaye	8753
Keane	10622
Kearney	19938
Kearns	14234
Keating	16392
Keaton	8333
Keck	11001
Kee	9173
Keefe	10863
Keefer	9391
Keegan	9662
Keel	8218
Keeler	10930
Keeling	8100
Keen	17320
Keenan	19275
Keene	17161
Keener	13046
Keeney	8862
Keeton	9342
Kehoe	7657
Keim	6561
Keiser	6822
Keith	46747
Kelleher	9535
Keller	94300
Kelley	137555
Kellogg	15302
Kelly	260385
Kelsey	13849
Kelso	8360
Kemp	44701
Kemper	10339
Kendall	29524
Kendrick	26266
Kennedy	171636
Kenney	27189
Kenny	16811
Kent	42597
Kenyon	12620
Kern	27634
Kerns	15113
Kerr	42758
Kersey	8021
Kessler	28869
Kester	6543
Ketchum	8229
Key	31882
Keyes	16020
Keys	17763
Keyser	7636
Khan	46713
Kidd	31886
Kidder	6589
Kidwell	8970
Kiefer	10756
Kilgore	21264
Killian	11947
Kilpatrick	13832
Kim	194067
Kimball	22990
Kimble	17138
Kimbrough	11290
Kimmel	9813
Kinard	6583
Kincaid	17833
Kinder	10083
King	438986
Kingsley	7917
Kinney	30956
Kinsey	15357
Kirby	52473
Kirchner	9691
Kirk	52056
Kirkland	28937
Kirkpatrick	26155
Kirkwood	7977
Kirsch	8630
Kiser	17693
Kish	8366
Kitchen	14478
Kitchens	10321
Klein	79685
Kline	44900
Kling	7183
Klinger	9319
Knapp	41267
Knight	131860
Knoll	9404
Knott	14008
Knotts	7044
Knowles	27380
Knowlton	7931
Knox	42937
Knudsen	8877
Knudson	7196
Knutson	16560
Ko	10483
Koch	47286
Koehler	19037
Koehn	8700
Koenig	21606
Koester	7036
Kohl	9041
Kohler	16477
Kohn	9006
Kolb	11644
Kong	11040
Koontz	10373
Kopp	10912
Koss	6882
Kovach	9130
Kovacs	8775
Kowalski	18134
Kozak	7672
Kozlowski	10363
Kraemer	7503
Kraft	21579
Kramer	63023
Kraus	18107
Krause	34345
Krauss	6815
Krebs	10951
Kremer	7160
Kress	7269
Krieger	10704
Kroll	10731
Krueger	36694
Krug	7871
Kruger	13599
Kruse	20019
Kuehn	7139
Kuhn	30342
Kuhns	6710
Kumar	14517
Kunkel	9375
Kuntz	10788
Kunz	9530
Kuo	6570
Kurtz	23488
Kuykendall	9623
Kwan	7906
Kwon	9405
Kyle	17750
Lacey	17811
Lackey	17749
Lacroix	7606
Lacy	22250
Ladd	15898
Lafferty	10014
Lafleur	8852
Lai	15490
Laird	18031
Lake	30924
Lam	44385
Lamar	11030
Lamb	58555
Lambert	90618
Lamont	6511
Lancaster	31686
Lance	12700
Land	20687
Landeros	7492
Landers	18308
Landis	18388
Landon	8560
Landrum	11851
Landry	37961
Lane	128727
Laney	10386
Lang	59843
Langdon	8723
Lange	29977
Langer	6929
Langford	18650
Langley	26560
Langlois	7325
Langston	18979
Lanham	9689
Lanier	20181
Lankford	11827
Lanning	8449
Lantz	11698
Laplante	6971
Lapointe	8525
Laporte	7176
Lara	59731
Large	6702
Larios	7521
Larkin	23004
Larose	7055
Larsen	52963
Larson	121064
Larue	11315
Lash	6856
Lassiter	12699
Laster	8525
Latham	20935
Lathrop	7936
Latimer	9705
Lau	25624
Lauer	11281
Laughlin	16097
Lavender	7576
Lavigne	6881
Lavoie	8952
Law	30900
Lawler	14194
Lawless	8833
Lawrence	124321
Laws	13891
Lawson	115186
Lawton	13272
Lay	17979
Layman	10021
Layne	13084
Layton	18781
Lazo	8600
Le	77453
Lea	9597
Leach	43666
Leahy	10515
Leake	6550
Leal	28248
Lear	7689
Leary	15127
Leavitt	12223
Leblanc	40923
Lebron	7938
Leclair	7836
Ledbetter	19222
Ledesma	15077
Ledezma	6512
Ledford	18264
Lee	605860
Leger	9211
Legg	9728
Leggett	12406
Lehman	31296
Lehmann	8527
Leigh	9756
Leighton	8297
Lemaster	7593
Lemay	8320
Lemieux	7334
Lemke	10359
Lemon	14573
Lemons	12013
Lemus	16583
Lennon	10265
Lentz	14869
Lenz	10940
Leo	7638
Leon	62034
Leonard	89198
Leone	15047
Leong	7967
Lerma	10235
Lerner	7580
Leroy	7579
Leslie	24266
Lester	43919
Leung	18140
Levesque	11111
Levi	6569
Levin	19070
Levine	34472
Levy	35464
Lew	7304
Lewandowski	11822
Lewis	509930
Leyva	18769
Li	57786
Liang	14095
Libby	10375
Lieberman	8363
Lien	6630
Light	16671
Lightfoot	8190
Liles	10052
Lilley	7589
Lilly	21742
Lim	27433
Lima	13539
Limon	10760
Lin	49360
Linares	12799
Lincoln	16070
Lind	14302
Lindberg	10163
Linder	13375
Lindgren	7256
Lindley	10053
Lindner	6956
Lindquist	11229
Lindsay	31744
Lindsey	61199
Lindstrom	9464
Ling	8221
Link	21553
Linn	12178
Linton	13660
Linville	7354
Lipscomb	12775
Lira	10655
Lister	7891
Little	102718
Littlefield	9607
Littlejohn	11383
Littleton	9829
Liu	47665
Lively	10731
Livingston	40964
Llamas	8521
Lloyd	61154
Lo	14534
Lock	6543
Locke	26516
Lockett	12943
Lockhart	26844
Locklear	17730
Lockwood	19386
Loera	9459
Loftin	6502
Loftis	6518
Lofton	13212
Loftus	7916
Logan	64576
Logsdon	10057
Logue	8022
Lohr	6506
Lomax	9120
Lombardi	13832
Lombardo	15368
Lomeli	9359
London	15265
Long	223494
Longo	12122
Longoria	14843
Loomis	14311
Looney	12955
Loper	7695
Lopes	16029
Lopez	621536
Lor	8061
Lord	23221
Lorenz	14501
Lorenzo	12568
Lott	25118
Louie	8071
Louis	18552
Lovato	7437
Love	78323
Lovejoy	8090
Lovelace	13359
Loveless	9382
Lovell	20628
Lovett	18421
Loving	6987
Low	11475
Lowe	89178
Lowell	6665
Lowery	41670
Lowman	7114
Lowry	24506
Loy	8729
Loya	9929
Loyd	13422
Loza	6665
Lozada	6521
Lozano	42567
Lu	22977
Lucas	100417
Luce	9489
Lucero	33922
Luciano	8478
Lucio	7632
Luckett	7254
Ludwig	21994
Lugo	29328
Luis	6845
Lujan	18892
Luke	17016
Lum	8074
Lumpkin	9144
Luna	76127
Lund	24001
Lundberg	7889
Lundgren	7119
Lundquist	6875
Lundy	14158
Lung	7263
Lunsford	16736
Luong	11214
Lusk	12145
Luster	6840
Luther	13601
Luttrell	9445
Lutz	31940
Luu	11965
Ly	22990
Lyle	12951
Lyles	15632
Lyman	11465
Lynch	114448
Lynn	37125
Lyon	27337
Lyons	82258
Lytle	12701
Ma	19030
Maas	9410
Mabe	6877
Mabry	12508
Macdonald	45782
Mace	12114
Machado	18429
Macias	46739
Maciel	8407
Mack	67154
Mackay	9248
Mackenzie	13174
Mackey	29718
Mackie	6510
Macklin	6592
Maclean	7127
Macleod	7542
Macon	6592
Madden	34472
Maddox	34970
Madera	7160
Madison	26548
Madrid	20834
Madrigal	19632
Madsen	16425
Maestas	7830
Magana	27571
Magee	26031
Magnuson	7957
Maguire	15853
Mahaffey	7996
Mahan	14937
Maher	22503
Mahon	9327
Mahoney	39440
Mai	12027
Maier	13929
Main	12631
Major	19791
Majors	9480
Maki	9155
Malcolm	9643
Maldonado	88016
Malik	10376
Mallett	6584
Mallory	16987
Malloy	16056
Malone	69257
Maloney	30434
Mancini	10881
Mancuso	9659
Mandel	6532
Maness	8065
Mangum	9271
Manley	25159
Mann	81022
Manning	72069
Mansfield	18498
Manson	8090
Manuel	24227
Manzano	6670
Manzo	10595
Maples	10559
March	10553
Marchese	6483
Marcum	15925
Marcus	17360
Marek	7517
Mares	12041
Mariano	7111
Marin	31786
Marino	30735
Marion	14364
Mark	15916
Markham	12763
Markley	7176
Marks	48281
Marler	6584
Marlow	13185
Marquardt	8398
Marquez	79951
Marquis	8449
Marr	10365
Marrero	16783
Marroquin	12874
Marsh	60999
Marshall	177213
Martel	8362
Martell	9568
Martens	9749
Martin	672711
Martindale	6970
Martines	8041
Martinez	775072
Martini	6988
Martino	12889
Martins	9062
Martinson	7639
Martz	8433
Marvin	10375
Marx	9404
Mashburn	6675
Mason	155484
Massey	53459
Massie	10525
Mast	12869
Masters	23106
Masterson	11673
Mata	34888
Mateo	8540
Matheny	8369
Mather	6602
Mathes	6468
Matheson	7302
Mathew	9311
Mathews	50608
Mathias	8286
Mathis	51796
Matias	7295
Matlock	12017
Matos	16819
Matson	12100
Matteson	6949
Matthew	6486
Matthews	124839
Mattingly	14661
Mattison	7083
Mattox	9881
Mattson	15825
Mauldin	9713
Maurer	20333
Mauro	7483
Maxey	10461
Maxwell	65779
May	101726
Maya	7227
Mayberry	14060
Mayer	39111
Mayes	24853
Mayfield	29136
Mayhew	8754
Maynard	35648
Mayo	33126
Mayorga	6864
Mays	38914
Mazur	8721
Mazza	8078
McAdams	11455
McAfee	11855
McAlister	11433
McAllister	28586
McArthur	12152
McBee	7105
McBride	60874
McCabe	29523
McCaffrey	8078
McCain	17933
McCall	41231
McCallister	7769
McCallum	9897
McCann	34692
McCarter	9262
McCarthy	81035
McCartney	13011
McCarty	35718
McCauley	23926
McClain	45560
McClanahan	10047
McClellan	24986
McClelland	13610
McClendon	17614
McClintock	8906
McCloskey	10582
McCloud	15125
McClung	9185
McClure	46505
McCollum	19341
McCombs	8927
McConnell	39203
McCool	7198
McCord	17216
McCorkle	8207
McCormack	17074
McCormick	62663
McCoy	106481
McCracken	18975
McCrary	11782
McCray	25300
McCreary	8105
McCue	7992
McCulloch	8021
McCullough	44123
McCune	9315
McCurdy	12044
McCurry	7433
McCutcheon	8894
McDade	6787
McDaniel	86317
McDaniels	6907
McDermott	29440
McDevitt	7308
McDonald	176094
McDonnell	13892
McDonough	21340
McDougal	7011
McDowell	47526
McDuffie	9479
McElroy	24064
McEwen	7420
McFadden	30205
McFall	7486
McFarland	40244
McFarlane	8160
McGarry	6907
McGee	71925
McGhee	21727
McGill	26354
McGinnis	26578
McGovern	16739
McGowan	31669
McGrath	34031
McGraw	20704
McGregor	14969
McGrew	8988
McGuire	62116
McHenry	11369
McHugh	18206
McInnis	7391
McIntire	10401
McIntosh	40453
McIntyre	42335
McKay	36948
McKee	43555
McKeever	7433
McKelvey	6870
McKenna	26189
McKenney	6862
McKenzie	55084
McKeon	7255
McKeown	7199
McKinley	23124
McKinney	80616
McKinnon	14566
McKnight	32386
McKoy	6825
McLain	16978
McLaughlin	73128
McLaurin	7497
McLean	40871
McLemore	10448
McLendon	8079
McLeod	29423
McMahan	14071
McMahon	38557
McManus	22903
McMaster	6623
McMichael	7271
McMillan	38896
McMillen	10244
McMillian	11012
McMullen	19998
McMurray	9492
McNabb	9606
McNair	15299
McNally	15768
McNamara	25896
McNeal	19321
McNeely	11235
McNeil	33239
McNeill	18272
McNulty	13080
McNutt	9042
McPherson	34763
McQueen	18701
McRae	17203
McReynolds	7424
McVay	7811
McVey	8788
McWhorter	9185
McWilliams	20135
Mead	21919
Meade	21264
Meador	10174
Meadows	42884
Means	15808
Mears	9706
Medeiros	18121
Medina	139353
Medley	13152
Medlin	10511
Medrano	29386
Meehan	14348
Meek	14549
Meeker	8394
Meeks	28426
Mehta	9691
Meier	24886
Meister	7423
Mejia	66534
Melendez	42139
Mello	11263
Melo	6743
Melson	7120
Melton	48594
Melvin	19523
Mena	14299
Menard	10973
Menchaca	6618
Mendenhall	9988
Mendes	8034
Mendez	112736
Mendiola	7980
Mendoza	168567
Menendez	9045
Mercado	46437
Mercer	33797
Merchant	13421
Mercier	7753
Meredith	23937
Merino	7480
Merkel	6577
Merrell	8414
Merrick	8360
Merrill	31758
Merriman	8656
Merritt	44626
Mertz	7805
Mesa	11341
Messer	19819
Messina	12626
Metcalf	23540
Metz	20010
Metzger	20386
Metzler	6612
Meyer	149664
Meyers	56744
Meza	37662
Michael	39369
Michaels	16696
Michalski	6866
Michaud	14408
Michel	21487
Michels	6901
Mickelson	7405
Middleton	40708
Miguel	7282
Milam	11554
Milburn	7754
Miles	81933
Miley	6930
Mill	8095
Millan	9127
Millard	12622
Miller	1127803
Milligan	21887
Mills	147909
Milner	11790
Milton	19899
Mims	18248
Miner	20627
Minnick	7525
Minor	29634
Minter	9828
Minton	13667
Miramontes	6841
Miranda	67646
Mireles	12863
Mitchell	367433
Mixon	12154
Mize	11873
Mobley	27648
Mock	15208
Moe	10740
Moeller	13094
Moen	7895
Moffett	11524
Moffitt	9652
Mohamed	12499
Mohammed	9585
Mohr	17153
Mojica	10803
Molina	70211
Moll	6844
Molloy	6986
Molnar	8478
Monaco	8054
Monaghan	7613
Monahan	15058
Mondragon	12063
Monk	11207
Monroe	53475
Monroy	9215
Monson	9970
Montague	10720
Montalvo	18085
Montanez	12482
Montano	21110
Montemayor	6630
Montenegro	7943
Montero	11997
Montes	35196
Montez	8322
Montgomery	112144
Montiel	7899
Montoya	57075
Moody	62344
Moon	42062
Mooney	32953
Moore	698671
Moorman	7149
Mora	41348
Morales	217642
Moran	78546
Moreau	8473
Morehead	7670
Moreland	17173
Moreno	146088
Morey	10595
Morgan	276400
Moriarty	9661
Morin	28184
Morley	10815
Morrell	11334
Morrill	7458
Morris	311754
Morrison	117939
Morrissey	13244
Morrow	55664
Morse	41112
Mortensen	10208
Morton	58788
Mosby	7134
Moseley	16736
Moser	29485
Moses	36814
Mosher	15595
Mosier	8384
Mosley	44698
Mosqueda	6739
Moss	73750
Mota	10094
Motley	9966
Mott	17013
Moua	9776
Moulton	11580
Mount	8602
Mowery	8002
Moy	8523
Moya	13526
Moye	7036
Moyer	36421
Mueller	64305
Muhammad	13972
Muir	10863
Mulcahy	6444
Mulder	6809
Mull	9925
Mullen	36442
Muller	26744
Mulligan	14229
Mullin	11099
Mullins	70286
Mullis	8763
Mundy	9390
Munguia	8749
Muniz	24203
Munn	8666
Munoz	117774
Munro	6551
Munson	17345
Murdock	19041
Murillo	31964
Murphy	300501
Murray	178414
Murrell	10600
Murry	9590
Muse	11184
Musgrove	6554
Musick	6549
Musser	9354
Myers	224824
Myles	12348
Myrick	12896
Nadeau	11931
Nagel	14270
Nagle	10650
Nagy	15545
Najera	12270
Nakamura	7821
Nall	8200
Nance	22900
Napier	18726
Napolitano	7034
Naranjo	11946
Narvaez	7865
Nash	51021
Nathan	7369
Nation	6880
Nava	26463
Navarrete	16010
Navarro	73970
Naylor	15930
Neal	83849
Needham	10809
Neel	7007
Neeley	8857
Neely	23308
Neff	22509
Negrete	11188
Negron	15090
Neil	9209
Neill	8946
Nelms	6477
Nelson	412236
Nemeth	8150
Nesbitt	12878
Nesmith	6898
Ness	11058
Nettles	10711
Neuman	8564
Neumann	16697
Nevarez	12979
Neville	11258
New	11533
Newberry	13233
Newby	11079
Newcomb	14230
Newell	31317
Newkirk	10165
Newland	7268
Newman	100491
Newsom	10930
Newsome	22803
Newton	72328
Ng	27537
Ngo	23980
Nguyen	310125
Nicholas	26628
Nichols	141936
Nicholson	55986
Nickel	8167
Nickerson	15409
Nielsen	41007
Nielson	10410
Nieto	18817
Nieves	28011
Niles	7993
Nino	8023
Nix	22814
Nixon	36037
Noble	40217
Nobles	12149
Noe	10789
Noel	28401
Nolan	44421
Noland	8964
Nolasco	6720
Nolen	10021
Noll	10030
Noonan	12641
Noriega	11089
Norman	65269
Norris	85212
North	20238
Norton	61805
Norwood	21678
Novak	35282
Novotny	6591
Nowak	18515
Nowlin	6492
Noyes	9407
Nugent	15599
Null	7072
Nunes	11081
Nunez	90208
Nunley	8502
Nunn	14792
Nutt	7098
Nutter	7981
Nye	11632
Oakes	17008
Oakley	16733
Oaks	6982
Oates	11346
Obrien	115385
Ocampo	17334
Ocasio	7685
Ochoa	57210
Oconnell	35610
Oconnor	74756
Odell	30951
Oden	7786
Odom	33717
Odonnell	42802
Ogden	18461
Ogle	14050
Oglesby	12117
Ogrady	7024
Oh	13366
Ohara	21068
Ojeda	15780
Okeefe	16829
Oldham	12753
Olds	7533
Oleary	21904
Olguin	7835
Oliva	14892
Olivares	16857
Olivarez	8378
Olivas	16164
Oliveira	14341
Oliver	111641
Olivo	8262
Olmos	6985
Olmstead	7859
Olsen	57357
Olson	163502
Olvera	18512
Omalley	17027
Oneal	46161
Oneil	28020
Oneill	48656
Ong	7572
Ontiveros	12317
Ordonez	11366
Oreilly	11224
Orellana	14943
Orlando	12353
Ornelas	17278
Orosco	7802
Orourke	16263
Orozco	45289
Orr	43666
Ortega	93131
Ortiz	214683
Osborn	32044
Osborne	65802
Osburn	7673
Oshea	10066
Osorio	18037
Ostrander	9274
Ostrowski	6980
Osullivan	10879
Oswald	14332
Otero	16956
Otis	7579
Otoole	10663
Ott	25492
Otto	22001
Ouellette	13498
Outlaw	8365
Overstreet	12121
Overton	18094
Owen	60461
Owens	176334
Oxendine	6587
Pace	38975
Pacheco	58534
Pack	18538
Packard	9409
Packer	8962
Padgett	24854
Padilla	81805
Padron	9359
Paez	7711
Pagan	20702
Pagano	8272
Page	80493
Paige	18600
Paine	8495
Painter	21725
Pak	9877
Palacio	6860
Palacios	30231
Palermo	8207
Palm	6820
Palma	14339
Palmer	150407
Palomino	6963
Palumbo	11122
Pan	8143
Pang	6627
Paniagua	7004
Pannell	8103
Pantoja	10507
Pappas	16754
Paquette	9318
Pardo	8847
Paredes	18689
Parent	10874
Parham	15387
Paris	16813
Parish	14250
Parisi	8130
Park	81890
Parker	324246
Parkinson	9220
Parks	86346
Parnell	14069
Parr	16120
Parra	26654
Parris	11977
Parrish	48823
Parrott	13473
Parry	10130
Parson	12565
Parsons	66203
Partida	6797
Partin	8151
Partridge	9696
Pascual	7536
Pate	28804
Patel	145066
Paterson	6809
Patino	14929
Patrick	58257
Patten	11448
Patterson	198557
Patton	64772
Paul	72248
Pauley	10610
Paulino	7840
Paulsen	11121
Paulson	19299
Paxton	11013
Payne	138028
Payton	22773
Paz	17776
Peace	8601
Peacock	21106
Peak	8034
Pearce	30276
Pearl	7435
Pearson	98728
Pease	12828
Peck	39432
Pedersen	19510
Pederson	14030
Pedraza	8828
Pedroza	7976
Peebles	8540
Peek	10694
Peel	6603
Peeples	6961
Pellegrino	7237
Pelletier	17267
Peltier	6633
Pemberton	10842
Pena	98345
Pence	11952
Pendergrass	7904
Pendleton	16026
Peng	6460
Penn	18601
Pennington	40339
Penny	9615
Penrod	6584
Peoples	17664
Pepper	11274
Perales	11558
Peralta	24713
Perdomo	6544
Perdue	15958
Perea	8808
Pereira	22921
Perez	488521
Perkins	126951
Perrin	11222
Perry	212644
Perryman	8974
Persaud	8649
Person	19129
Peter	8662
Peterman	8461
Peters	134231
Petersen	55185
Peterson	275041
Petrie	8234
Pettigrew	7500
Pettis	7036
Pettit	18653
Petty	34278
Peyton	9787
Pfeifer	9963
Pfeiffer	13870
Pham	59949
Phan	26903
Phelan	10343
Phelps	51154
Philips	6729
Phillips	351848
Phipps	22919
Piazza	8311
Picard	7679
Pichardo	7308
Pickard	8828
Pickens	15597
Pickering	13154
Pickett	30552
Pieper	6734
Pierce	136517
Pierre	23575
Pierson	27730
Pike	26086
Pimentel	16358
Pina	19399
Pine	6537
Pineda	38999
Pinkerton	8164
Pinkston	7871
Pino	9656
Pinson	7212
Pinto	17488
Piper	21526
Pippin	7018
Pitman	7462
Pitt	8666
Pittman	52689
Pitts	48462
Place	7057
Plante	7170
Platt	18376
Pleasant	6967
Plummer	24665
Plunkett	10571
Poe	22865
Pogue	7288
Poindexter	11201
Pointer	7004
Poirier	9055
Polanco	13938
Poland	7854
Poling	7587
Polk	25438
Pollack	9058
Pollard	34079
Pollock	22994
Pomeroy	7288
Ponce	35400
Pond	8697
Ponder	11550
Pool	13194
Poole	54706
Poore	8321
Pope	61750
Popp	8849
Porras	9419
Porter	156848
Porterfield	6611
Portillo	24008
Posey	19648
Post	23155
Poston	10292
Potter	71103
Potts	37687
Poulin	6704
Pounds	6564
Powell	216553
Power	14846
Powers	90401
Prado	17586
Prater	18565
Prather	15631
Pratt	59801
Preciado	9572
Prentice	7799
Prescott	16686
Presley	17687
Pressley	12182
Preston	45850
Prewitt	8341
Price	228756
Pride	6768
Priest	14350
Prieto	14786
Prince	44640
Pringle	12460
Prior	6554
Pritchard	23606
Pritchett	18350
Proctor	34682
Proffitt	9223
Prosser	7880
Provost	8497
Pruett	13113
Pruitt	42463
Pryor	27065
Puckett	27891
Puente	11533
Pugh	38691
Pulido	14151
Pullen	10167
Pulley	7928
Pulliam	10923
Purcell	21696
Purdy	14987
Purnell	7725
Purvis	16381
Putman	8949
Putnam	17990
Pyle	15066
Pyles	7435
Quach	7624
Qualls	11222
Quarles	9264
Queen	17881
Quesada	6603
Quezada	18107
Quick	24095
Quigley	16810
Quinlan	9945
Quinn	74531
Quinones	27290
Quinonez	8426
Quintana	29755
Quintanilla	15849
Quintero	29952
Quiroz	19507
Rader	16212
Radford	12607
Rafferty	9077
Ragan	10418
Ragland	12159
Ragsdale	12195
Rahman	10719
Raines	20373
Rainey	22397
Rains	11575
Rainwater	6880
Ralph	7987
Ralston	12076
Rambo	7096
Ramey	21618
Ramirez	388987
Ramon	9216
Ramos	193096
Ramsay	7561
Ramsey	76625
Rand	10097
Randall	52495
Randazzo	6944
Randle	13133
Randolph	39742
Raney	8415
Rangel	41868
Rankin	27989
Ransom	15754
Rao	8423
Rapp	13951
Rash	7860
Rasmussen	35453
Ratcliff	10237
Rathbun	6438
Ratliff	29142
Rau	8208
Rauch	8617
Rausch	8014
Rawlings	9472
Rawls	11265
Ray	128794
Rayburn	8438
Raymond	38158
Raynor	7520
Razo	8891
Rea	13708
Read	16736
Reagan	15673
Reardon	14287
Reaves	14465
Rector	13609
Redd	12479
Redden	8769
Reddick	9203
Redding	15264
Reddy	9911
Redman	12474
Redmon	7843
Redmond	20919
Reece	23216
Reed	267443
Reeder	18768
Reedy	11555
Rees	12456
Reese	71754
Reeves	79817
Regalado	9589
Regan	21624
Register	8754
Reich	12283
Reichert	9920
Reid	104007
Reilly	40310
Reimer	8765
Reinhardt	11622
Reinhart	8985
Reis	11331
Reiss	7072
Reiter	10487
Reitz	7371
Rendon	15375
Renfro	9781
Renner	13547
Reno	9053
Renteria	21159
Resendez	8086
Resendiz	7605
Reuter	7454
Rey	7348
Reyes	232511
Reyna	27215
Reynolds	195598
Reynoso	16208
Rhea	7847
Rhoades	17952
Rhoads	13008
Rhodes	88917
Ricci	11543
Rice	146440
Rich	47477
Richard	52138
Richards	125653
Richardson	249533
Richey	17950
Richie	6967
Richman	6803
Richmond	35715
Richter	29233
Rickard	8140
Ricker	8767
Ricketts	11940
Ricks	17474
Rico	18735
Riddick	7876
Riddle	32654
Ridenour	8159
Rider	16048
Ridge	6942
Ridgeway	8791
Ridley	11099
Ries	6960
Riggins	11385
Riggs	33868
Rigsby	6955
Riley	127960
Rinaldi	7526
Rincon	11921
Rinehart	13192
Ring	19222
Riordan	7394
Rios	96569
Ripley	8892
Ritchey	8582
Ritchie	28397
Ritter	32864
Rivas	54588
Rivera	299463
Rivero	8001
Rivers	35980
Rizzo	18445
Roach	44454
Roark	14073
Robb	13455
Robbins	78141
Roberson	53198
Robert	12129
Roberts	366215
Robertson	150299
Robinette	8739
Robins	10530
Robinson	503028
Robison	23785
Robledo	11620
Robles	61619
Robson	7880
Roby	8986
Rocha	42139
Roche	17905
Rock	18510
Rockwell	12099
Rodarte	6962
Rodas	6743
Roddy	6957
Roderick	6867
Rodgers	73021
Rodrigues	26652
Rodriguez	804240
Rodriquez	26377
Roe	24699
Roeder	6561
Rogers	294403
Rohde	7004
Rohrer	7510
Rojas	73071
Rojo	7062
Roland	18742
Roldan	10168
Roller	8093
Rollins	33797
Roman	59020
Romano	27401
Romeo	8184
Romero	153772
Romine	7452
Romo	20066
Rooks	6625
Rooney	13527
Root	20001
Roper	19520
Roque	10806
Rosa	28375
Rosado	22066
Rosales	51336
Rosario	36539
Rosas	31050
Rose	146924
Rosen	22763
Rosenbaum	8985
Rosenberg	25271
Rosenberger	6875
Rosenthal	16881
Ross	219961
Rosser	7604
Rossi	25512
Roth	57030
Rountree	6693
Rouse	25022
Roush	10970
Rousseau	7854
Rowan	13803
Rowe	66205
Rowell	15457
Rowland	34498
Rowley	14760
Roy	49725
Royal	14739
Royer	10836
Royster	7658
Rubin	22969
Rubino	6687
Rubio	36531
Ruby	8955
Rucker	25160
Rudd	14167
Rudolph	19462
Rudy	7296
Rueda	6513
Ruelas	8033
Ruff	15035
Ruffin	15263
Ruggiero	9111
Ruiz	175429
Runyon	9123
Rupert	7875
Rupp	11199
Rush	37470
Rushing	18853
Russ	17136
Russell	215432
Russo	48126
Rust	11816
Ruth	15481
Rutherford	27539
Rutkowski	6773
Rutledge	26010
Rutter	7014
Ruvalcaba	7673
Ryan	139335
Ryder	14004
Saavedra	13358
Sabo	8969
Sacco	7008
Sachs	7165
Sadler	20939
Saenz	27211
Sage	10691
Sager	10285
Salas	48282
Salazar	113468
Salcedo	13593
Salcido	8766
Saldana	25386
Saldivar	13095
Salerno	9346
Sales	8725
Salgado	31627
Salinas	61582
Salisbury	12581
Salmon	13328
Salter	13991
Salvador	8827
Salyer	6861
Sam	9600
Sammons	8134
Sample	11414
Samples	8595
Sampson	37234
Sams	15446
Samson	10053
Samuel	19225
Samuels	20422
Samuelson	7826
Sanabria	6566
Sanborn	9750
Sanches	7457
Sanchez	441242
Sandberg	8391
Sander	8740
Sanders	220902
Sanderson	23469
Sandlin	8245
Sandoval	96303
Sands	18430
Sanford	35565
Santamaria	9005
Santana	43875
Santiago	90967
Santillan	8729
Santoro	8587
Santos	98993
Sapp	19847
Sargent	27024
Sarmiento	8986
Sarver	6526
Sasser	7029
Sato	6864
Satterfield	13824
Sauceda	8529
Saucedo	22357
Sauer	15474
Saul	6916
Saunders	67210
Savage	48367
Savoy	7304
Sawyer	47979
Saxon	7092
Saxton	8969
Sayers	7403
Saylor	15547
Sayre	8133
Scales	12542
Scanlon	11635
Scarborough	11941
Scarbrough	8100
Schaefer	40663
Schaeffer	15448
Schafer	23804
Schaffer	20117
Schell	12785
Schenk	7575
Scherer	12889
Schiller	8977
Schilling	15968
Schindler	9624
Schlegel	7228
Schlosser	7166
Schmid	11160
Schmidt	145565
Schmitt	35326
Schmitz	22984
Schneider	100553
Schnell	6647
Schoen	8155
Schofield	12356
Scholl	9140
Schoonover	7652
Schott	9645
Schrader	16464
Schramm	7598
Schreiber	15945
Schreiner	8050
Schrock	9160
Schroeder	66412
Schubert	12460
Schuler	14695
Schulte	16327
Schultz	104962
Schulz	23676
Schulze	8444
Schumacher	24573
Schumann	6728
Schuster	17221
Schwab	16332
Schwartz	84699
Schwarz	15713
Schweitzer	9986
Scoggins	8048
Scott	420091
Scroggins	9093
Scruggs	15562
Scully	8578
Seal	8960
Seals	15020
Seaman	13260
Searcy	9790
Sears	31387
Seaton	8963
Seay	13492
Sebastian	10878
See	8412
Seeley	10735
Segal	7611
Segovia	9346
Segura	22689
Seibert	10762
Seidel	8376
Seifert	10395
Seiler	7794
Seitz	12375
Selby	11533
Self	22954
Sell	10747
Sellers	41561
Sells	8165
Sena	6825
Sepulveda	15611
Serna	19751
Serrano	55057
Serrato	7610
Sessions	7204
Settle	8074
Severson	10214
Seward	9987
Sewell	20736
Sexton	42080
Seymour	24427
Shackelford	11367
Shade	6940
Shafer	25498
Shaffer	59227
Shah	37833
Shanahan	8228
Shane	6991
Shank	13070
Shanks	11436
Shannon	44902
Shapiro	24712
Sharkey	8106
Sharma	14870
Sharp	76868
Sharpe	27862
Shaver	16716
Shaw	155172
Shay	9302
Shea	32069
Shearer	17545
Sheehan	26107
Sheets	20786
Sheffield	18983
Shelby	11624
Sheldon	19246
Shell	13143
Shelley	13995
Shelton	88326
Shen	8832
Shepard	38705
Shephard	6519
Shepherd	57935
Sheppard	35554
Sheridan	21668
Sherman	69840
Sherrill	13389
Sherrod	7859
Sherry	7253
Sherwood	20998
Shields	49556
Shifflett	8313
Shin	15857
Shinn	8019
Shipley	18770
Shipman	14917
Shipp	11231
Shirk	6487
Shirley	27300
Shively	7017
Shivers	6658
Shockley	12413
Shoemaker	30756
Shook	16202
Shore	10120
Shores	7342
Short	55903
Shorter	8122
Showalter	8427
Shrader	6836
Shuler	10844
Shull	9310
Shultz	17204
Shumaker	8381
Shuman	8730
Shumate	8196
Sibley	9285
Sides	8058
Siebert	6734
Siegel	21725
Sierra	26181
Sifuentes	7911
Sigler	8559
Sikes	10068
Siler	7910
Sills	6729
Silva	126164
Silver	21956
Silverman	15299
Silvers	7372
Simmons	201650
Simms	26296
Simon	74839
Simone	7040
Simons	25266
Simonson	8675
Simpkins	11237
Simpson	158241
Sims	107244
Sinclair	26014
Singer	25599
Singh	72642
Singletary	12979
Singleton	51797
Sipes	6740
Sisco	7811
Sisk	12191
Sisson	11355
Sizemore	19607
Skaggs	17569
Skelton	14542
Skidmore	10745
Skinner	52490
Skipper	10010
Slack	12893
Slade	11893
Slagle	8632
Slater	31569
Slattery	8590
Slaughter	26088
Slayton	6609
Sledge	7550
Sloan	42281
Slocum	8904
Slone	11564
Small	45850
Smalley	11512
Smalls	10897
Smallwood	18227
Smart	24114
Smiley	19014
Smith	2376206
Smithson	6805
Smoot	8955
Smothers	7125
Smyth	9268
Snead	10022
Sneed	16855
Snell	21192
Snider	31418
Snipes	7984
Snodgrass	12963
Snook	6641
Snow	45689
Snowden	10788
Snyder	159363
Soares	9633
Solano	16869
Solis	60045
Soliz	8041
Solomon	42839
Solorio	9580
Solorzano	10151
Somers	10659
Sommer	11624
Sommers	10886
Son	7843
Song	16856
Soper	6479
Sorensen	26705
Sorenson	15833
Soria	10629
Soriano	17418
Sorrell	8170
Sosa	36813
Sotelo	15308
Soto	106631
Sousa	14183
South	10839
Southard	8888
Southerland	8132
Southern	7494
Souza	20168
Sowell	9093
Sowers	9977
Spain	11232
Spalding	8363
Spangler	18653
Spann	11691
Sparkman	7418
Sparks	62234
Sparrow	7263
Spaulding	18527
Spear	13049
Spearman	7855
Spears	40203
Speed	7082
Speer	11749
Spellman	7233
Spence	34435
Spencer	134443
Sperry	7605
Spicer	17901
Spires	7172
Spivey	20349
Spooner	7209
Spradlin	7253
Sprague	22283
Spriggs	6778
Spring	8579
Springer	31044
Sprouse	8050
Spruill	7184
Spurgeon	6909
Spurlock	11627
Squires	13969
Stacey	8862
Stack	11701
Stacy	18461
Stafford	45349
Staggs	9369
Stahl	22163
Staley	18081
Stallings	16819
Stallworth	7381
Stamper	12729
Stamps	6962
Stanfield	11093
Stanford	20610
Stanley	93817
Stanton	34812
Staples	16572
Stapleton	17529
Stark	41863
Starkey	14483
Starks	18911
Starling	9337
Starnes	13844
Starr	28210
Staten	7230
Staton	13898
Stauffer	15045
Stclair	14296
Steadman	7261
Stearns	14444
Steed	9436
Steel	6813
Steele	84353
Steen	12356
Steffen	11252
Stegall	7454
Stein	43331
Steinberg	12715
Steiner	22874
Steinmetz	7722
Stephan	7685
Stephen	8934
Stephens	138742
Stephenson	46662
Stepp	10303
Sterling	24314
Stern	24618
Stevens	181417
Stevenson	72892
Steward	21558
Stewart	312899
Stidham	7386
Stiles	20957
Still	11929
Stillwell	7304
Stine	9978
Stinnett	8007
Stinson	25694
Stjohn	15663
Stock	12479
Stocker	6521
Stockton	13015
Stockwell	6509
Stoddard	14096
Stokes	58687
Stoll	11588
Stoltzfus	10159
Stone	149802
Stoner	15590
Storey	13450
Storm	9668
Story	18935
Stout	42669
Stovall	16073
Stover	24613
Stowe	9908
Stpierre	9253
Strain	8579
Strand	10962
Strange	14582
Stratton	22498
Straub	9482
Strauss	13719
Street	19322
Streeter	11315
Strickland	65814
Stringer	16634
Strom	9179
Strong	43430
Strother	7001
Stroud	23946
Stroup	7423
Strunk	7730
Stuart	35701
Stubblefield	8733
Stubbs	19068
Stuckey	11374
Stull	9059
Stump	14171
Sturdivant	6631
Sturgeon	8710
Sturgill	8158
Sturm	9017
Stutzman	7641
Su	8507
Suarez	47235
Suggs	13012
Sullivan	215640
Summers	55391
Sumner	17837
Sumpter	7504
Sun	14962
Sutherland	28417
Sutter	9470
Sutton	87373
Swafford	9294
Swain	24220
Swan	22082
Swank	7655
Swann	11941
Swanson	76539
Swartz	25307
Swearingen	7641
Sweat	8679
Sweeney	51500
Sweet	28872
Swenson	22762
Swift	23685
Swisher	9360
Switzer	11211
Swope	8457
Sykes	26425
Sylvester	18445
Szabo	7672
Szymanski	8813
Taber	7467
Tabor	15058
Tackett	18332
Tafoya	9014
Taft	8589
Taggart	9209
Talbert	11370
Talbot	15027
Talbott	7092
Talley	29082
Tallman	7439
Tam	12150
Tamayo	12130
Tan	21567
Tanaka	7887
Tang	25446
Tanner	46412
Tapia	37201
Tarr	6941
Tarver	8935
Tate	67208
Tatum	23300
Tavares	10583
Tavarez	6690
Taveras	6559
Taylor	720370
Teague	23731
Teal	8716
Teel	7618
Teixeira	7303
Tejada	9700
Tejeda	10071
Tellez	15320
Tello	7707
Temple	21771
Templeton	13299
Tennant	8304
Tenney	6957
Terrazas	8044
Terrell	33914
Terry	83437
Testa	8123
Thacker	20531
Thai	8440
Thames	7052
Thao	15463
Tharp	13578
Thatcher	9240
Thayer	16496
Thibodeau	7746
Thibodeaux	13199
Thiel	9432
Thigpen	9068
Thomas	710696
Thomason	19549
Thompson	644368
Thomsen	7624
Thomson	24174
Thorn	9776
Thornburg	7156
Thorne	18222
Thornhill	7115
Thornton	81191
Thorpe	20960
Thorson	6643
Thrasher	12535
Thurman	22564
Thurston	14918
Tibbs	6908
Tice	9873
Tidwell	20681
Tierney	13262
Tijerina	7530
Tiller	7299
Tillery	7666
Tilley	15560
Tillman	28878
Tilton	7997
Timm	9241
Timmerman	7252
Timmons	19900
Tindall	6450
Tinsley	14834
Tipton	24767
Tirado	10396
Tisdale	9734
Titus	15321
To	6979
Tobias	13113
Tobin	18135
Todd	69810
Tolbert	22720
Toledo	14514
Tolentino	7679
Toler	9091
Toliver	6833
Tolliver	11208
Tom	9629
Tomlin	11397
Tomlinson	24110
Tompkins	23468
Toney	17481
Tong	10809
Toomey	7607
Toro	8576
Torres	325169
Torrez	14904
Toscano	7673
Toth	19918
Totten	6600
Tovar	23743
Towne	6581
Towns	7278
Townsend	66853
Tracey	8046
Tracy	29316
Trahan	13733
Trainor	6719
Trammell	12098
Tran	136095
Trapp	9075
Travers	7698
Travis	33339
Traylor	12627
Treadway	7760
Trejo	27383
Tremblay	7802
Trent	18679
Trevino	50454
Trice	7960
Trimble	15576
Trinh	11507
Trinidad	9228
Triplett	17422
Tripp	19886
Trombley	6597
Trotter	18946
Trout	12569
Troutman	11210
Trowbridge	6876
Troy	7940
Troyer	13091
True	7926
Truitt	9257
Trujillo	59609
Truong	27808
Tsai	9332
Tu	6826
Tubbs	12191
Tuck	9666
Tucker	162933
Tuggle	6475
Tully	8481
Turk	10021
Turley	10102
Turnbull	8067
Turner	335663
Turney	7263
Turpin	11475
Tuttle	27460
Tyler	62534
Tyner	6669
Tyree	9451
Tyson	27911
Ulloa	9097
Ulmer	8051
Ulrich	16575
Underhill	6747
Underwood	55973
Unger	14668
Unruh	7296
Upchurch	9736
Upshaw	6937
Upton	13630
Urban	20117
Urbina	10511
Urena	8064
Uribe	18283
Usher	7118
Utley	7249
Vaccaro	6672
Vail	10042
Valadez	16083
Valdes	15567
Valdez	98610
Valdivia	11484
Valencia	50026
Valente	6657
Valenti	7840
Valentin	14720
Valentine	37669
Valenzuela	43770
Valerio	10098
Valladares	7516
Valle	23039
Vallejo	14484
Valles	10388
Valverde	6628
Van	12531
Vance	45763
Vandyke	16474
Vang	32333
Vanhorn	13716
Vanmeter	7981
Vann	14602
Vanover	6453
Vanwinkle	7630
Varela	19672
Vargas	123952
Vargo	7990
Varner	17274
Varney	8563
Vasquez	159989
Vaughan	37591
Vaughn	85037
Vaught	9004
Vazquez	84926
Veal	7632
Vega	87728
Vela	20569
Velasco	23114
Velasquez	57163
Velazquez	40030
Velez	42820
Venable	10150
Venegas	14677
Ventura	26769
Vera	24553
Vergara	10844
Vernon	17267
Vest	11368
Vetter	8450
Vick	14009
Vickers	21544
Vickery	8907
Victor	10015
Vidal	13867
Vieira	9129
Viera	8686
Vigil	26224
Villa	39402
Villagomez	7584
Villalobos	27107
Villanueva	44570
Villareal	8577
Villarreal	50351
Villasenor	10190
Villegas	34684
Vincent	50628
Vines	9823
Vinson	24557
Vitale	12826
Vo	24956
Vogel	30388
Vogt	17739
Voigt	7092
Volk	8628
Vollmer	6549
Volpe	8028
Voss	20291
Vu	25828
Vue	8528
Vuong	7148
Waddell	20885
Wade	92834
Wadsworth	9625
Waggoner	14556
Wagner	154516
Wagoner	14841
Wahl	12933
Wainwright	6824
Waite	17415
Wakefield	14058
Walden	24122
Waldron	16908
Waldrop	10535
Walker	501307
Wall	54401
Wallace	190760
Wallen	7264
Waller	35001
Wallin	6677
Walling	6860
Wallis	11279
Walls	39166
Walsh	103216
Walter	47615
Walters	104281
Walton	70997
Waltz	6602
Walz	6957
Wang	67570
Ward	254121
Warden	10970
Ware	46682
Warfield	7301
Warner	81824
Warren	147906
Washburn	19505
Washington	163036
Wasserman	6638
Wasson	8384
Waterman	11799
Waters	65817
Watkins	122447
Watson	242432
Watt	14872
Watters	11144
Watts	86228
Waugh	11052
Way	14222
Wayne	10020
Weatherford	8589
Weatherly	6718
Weathers	13376
Weaver	138811
Webb	163481
Webber	26178
Weber	107866
Webster	70123
Weed	7999
Weeks	41053
Weems	9544
Wegner	8224
Weidner	8039
Weigel	6906
Weiler	6551
Weimer	8068
Weinberg	9958
Weiner	14903
Weinstein	13809
Weir	18588
Weis	9415
Weiss	56153
Welborn	7014
Welch	105804
Weldon	14025
Welker	8306
Weller	16916
Wellman	10993
Wells	170635
Welsh	29217
Wendt	12744
Wenger	9839
Wentworth	8139
Wentz	8395
Wenzel	11370
Werner	34352
Wertz	8244
Wesley	21734
West	188464
Westbrook	19781
Westfall	12968
Westmoreland	10066
Weston	24679
Westphal	7071
Wetzel	15674
Whalen	23642
Whaley	22000
Wharton	11354
Whatley	11039
Wheat	10855
Wheatley	12097
Wheaton	8662
Wheeler	121684
Whelan	11127
Whipple	13387
Whitaker	54343
Whitcomb	8240
White	639515
Whited	7549
Whitehead	43310
Whitehurst	7268
Whiteman	7395
Whiteside	10981
Whitfield	28475
Whiting	15719
Whitley	26078
Whitlock	16603
Whitlow	7886
Whitman	19827
Whitmire	7017
Whitmore	15135
Whitney	34251
Whitson	9150
Whitt	16488
Whittaker	16441
Whitten	13876
Whittington	17163
Whittle	7071
Whitworth	9501
Wick	8057
Wicker	9750
Wickham	7104
Wicks	9190
Wiese	9200
Wiggins	48355
Wilbanks	8037
Wilbur	9722
Wilburn	14899
Wilcox	54987
Wild	8091
Wilde	10210
Wilder	30023
Wiles	13810
Wiley	47503
Wilhelm	19664
Wilhite	7797
Wilke	7841
Wilkerson	46605
Wilkes	17797
Wilkie	6927
Wilkins	56068
Wilkinson	52483
Wilks	8686
Will	13177
Willard	21183
Willett	12706
Willey	13145
William	17164
Williams	1534042
Williamson	112216
Williford	8080
Willingham	12475
Willis	125627
Willoughby	15622
Wills	28036
Willson	9154
Wilson	783051
Wilt	7981
Wimberly	8406
Winchester	10199
Windham	10162
Windsor	7479
Winfield	7788
Winfrey	6518
Wing	12453
Wingate	8221
Winkler	21783
Winn	21566
Winslow	13713
Winstead	8478
Winston	20537
Winter	30721
Winters	43762
Wirth	9911
Wise	66738
Wiseman	18813
Wisniewski	12760
Withers	10782
Witherspoon	12283
Withrow	8268
Witt	31360
Witte	9454
Wofford	8491
Wojcik	7717
Wolf	68905
Wolfe	83112
Wolff	21321
Wolford	10738
Womack	26890
Wong	99392
Woo	11628
Wood	247299
Woodall	15877
Woodard	44830
Woodbury	6908
Woodcock	6931
Wooden	6796
Woodley	6603
Woodruff	25626
Woods	168814
Woodson	16496
Woodward	36242
Woodworth	9278
Woody	18069
Wooldridge	7790
Woolley	6598
Woolsey	6805
Wooten	30185
Worden	8911
Workman	31151
Worley	25407
Worrell	10460
Worth	7018
Worthington	14038
Worthy	8327
Wozniak	8563
Wray	14812
Wren	10743
Wright	440367
Wu	45815
Wyatt	50874
Wylie	11631
Wyman	11063
Wynn	28048
Wynne	9499
Xiong	26336
Xu	12228
Yager	7417
Yamamoto	7652
Yan	8016
Yancey	13226
Yanez	17950
Yang	72627
Yarborough	6595
Yarbrough	24063
Yates	61400
Yazzie	13915
Ybarra	20013
Yeager	22374
Yee	19483
Yeung	6464
Yi	15254
Yoder	44245
Yoo	9853
Yoon	11563
York	51334
Yost	18959
Young	465948
Youngblood	17485
Younger	10444
Yount	7705
Yu	36285
Yuen	6990
Yun	6927
Zambrano	12471
Zamora	45806
Zamudio	7629
Zapata	23900
Zaragoza	13245
Zarate	14000
Zavala	34068
Zeigler	12626
Zelaya	7785
Zeller	10006
Zepeda	21305
Zhang	33202
Zhao	10324
Zheng	10670
Zhou	11586
Zhu	10508
Ziegler	25138
Zielinski	11024
Zimmer	17315
Zimmerman	80944
Zimmermann	6740
Zink	8525
Zook	8323
Zuniga	39057
