name	sex	count
Aaliyah	f	264
Aaron	m	1645
Abas	m	176
Abbas	m	1503
Abbe	m	1277
Abd	m	623
Abdalla	m	388
Abdallah	m	640
Abdel	m	246
Abdelrahman	m	200
Abdi	m	1147
Abdiaziz	m	296
Abdifatah	m	479
Abdikarim	m	222
Abdinasir	m	296
Abdiqani	m	161
Abdirahim	m	176
Abdirahman	m	1912
Abdirashid	m	226
Abdirizak	m	222
Abdo	m	195
Abdu	m	180
Abdul	m	2747
Abdulahi	m	386
Abdulaziz	m	406
Abdulkader	m	331
Abdulkadir	m	566
Abdulkarim	m	344
Abdulla	m	347
Abdullah	m	2819
Abdullahi	m	1524
Abdulrahman	m	1243
Abdurahman	m	184
Abeba	f	179
Abed	m	317
Abeer	f	513
Abel	m	597
Abigail	f	502
Abir	f	490
Abolfazl	m	171
Abraham	m	751
Abu	m	166
Abubakar	m	215
Abukar	m	198
Acke	m	169
Ada	f	915
Adam	m	25791
Adan	m	187
Adel	m	1115
Adela	f	577
Adele	f	1076
Adelia	f	230
Adelina	f	627
Adeline	f	313
Adem	m	736
Aden	m	168
Adham	m	240
Adi	m	191
Adiam	f	180
Adil	m	531
Adin	m	235
Adina	f	737
Adis	m	439
Adisa	f	211
Admir	m	488
Adna	f	334
Adnan	m	2370
Adrian	m	10733
Adriana	f	1219
Adriano	m	249
Adrienne	f	186
Adéle	f	181
Afaf	f	218
Aferdita	f	209
Afnan	f	191
Afrah	f	227
Afram	m	227
Afrim	m	216
Afsaneh	f	205
Afshin	m	178
Agata	f	484
Agaton	m	306
Agim	m	252
Agne	m	970
Agnes	f	15935
Agnesa	f	170
Agneta	f	17013
Agnetha	f	656
Agnieszka	f	1454
Agron	m	239
Agust	m	271
Ahlam	f	627
Ahmad	m	9901
Ahmed	m	9054
Ahmet	m	991
Aicha	f	393
Aida	f	1723
Aiden	m	357
Aikaterini	f	189
Aila	f	726
Aili	f	390
Aiman	m	196
Aimo	m	170
Aina	f	3200
Aino	f	862
Aira	f	204
Airi	f	245
Aisha	f	2159
Ajdin	m	346
Ajla	f	655
Akbar	m	242
Akram	m	803
Aksel	m	329
Ala	f	210
Alaa	f	1171
Alaa	m	1191
Alain	m	189
Alan	m	1636
Alba	f	1582
Alban	m	261
Albert	m	3450
Alberto	m	496
Albin	m	17598
Albina	f	335
Aldin	m	431
Aldo	m	223
Alea	f	357
Alec	m	201
Alejandra	f	348
Alejandro	m	724
Aleksandar	m	1511
Aleksander	m	894
Aleksandr	m	357
Aleksandra	f	2070
Aleksandrs	m	162
Aleksei	m	167
Alem	m	177
Alen	m	774
Alena	f	377
Alessandra	f	225
Alessandro	m	565
Alessia	f	331
Alessio	m	231
Alex	f	372
Alex	m	6591
Alexander	m	39873
Alexandra	f	13364
Alexandre	m	406
Alexandros	m	508
Alexandru	m	600
Alexia	f	730
Alexis	f	241
Alexis	m	742
Alf	m	8041
Alfhild	f	170
Alfons	m	2023
Alfred	m	10794
Alfredo	m	200
Algot	m	2513
Ali	m	16575
Alia	f	501
Alice	f	22158
Alicia	f	11283
Alicja	f	674
Alida	f	324
Alija	m	163
Alin	f	229
Alina	f	2815
Aline	f	542
Alireza	m	857
Alisa	f	843
Alisha	f	184
Alissa	f	555
Aliya	f	348
Aliyah	f	227
Alla	f	213
Allan	m	3474
Allen	m	178
Alli	f	178
Allie	f	319
Allis	f	398
Ally	f	565
Alma	f	12876
Almaz	f	309
Almin	m	166
Almir	m	561
Almira	f	206
Alrik	m	184
Altin	m	227
Alva	f	15580
Alvar	m	2217
Alvaro	m	319
Alve	m	1760
Alvin	m	5919
Alvina	f	384
Alwa	f	452
Alwin	m	753
Alyssa	f	204
Amadeus	m	957
Amal	f	1951
Amalia	f	850
Aman	m	368
Amanda	f	24608
Amandus	m	242
Amani	f	665
Amanuel	m	459
Amar	m	842
Amber	f	252
Ameer	m	281
Amel	f	245
Amel	m	318
Amela	f	655
Amelia	f	3310
Amelie	f	1951
Amena	f	175
Amer	m	1173
Ami	f	270
Amie	f	389
Amila	f	225
Amilia	f	424
Amin	m	1490
Amina	f	3585
Amine	m	166
Amir	m	5156
Amira	f	2043
Amit	m	195
Amjad	m	474
Ammar	m	1277
Amna	f	541
Amos	m	227
Amr	m	191
Amra	f	482
Amy	f	1070
Amélie	f	291
Ana	f	3047
Anab	f	296
Anahita	f	195
Anas	m	1768
Anastasia	f	1368
Anastasiia	f	305
Anastasija	f	279
Anastasios	m	220
Anders	m	75818
Andi	m	241
Andre	m	427
Andrea	f	4846
Andrea	m	367
Andreas	m	43957
Andreea	f	334
Andrei	m	845
Andrej	m	604
Andres	m	556
Andrew	m	1285
Andrey	m	221
Andrii	m	167
Andrius	m	228
Andrzej	m	1360
André	m	6459
Andréa	f	567
Andréas	m	1593
Andrée	m	279
Andrés	m	254
Andy	m	640
Anel	m	244
Anela	f	183
Anes	m	284
Aneta	f	541
Anett	f	347
Anette	f	18942
Angel	f	249
Angel	m	286
Angela	f	2487
Angelica	f	8049
Angelika	f	1438
Angelina	f	2259
Angelique	f	244
Angelo	m	812
Angelos	m	203
Anh	m	167
Ani	f	170
Anica	f	171
Anika	f	201
Anil	m	180
Anis	m	196
Anisa	f	676
Anita	f	23901
Anitha	f	329
Anja	f	3586
Anki	f	449
Ann	f	15495
Ann Charlotte	f	182
Ann-Britt	f	3965
Ann-Cathrin	f	408
Ann-Cathrine	f	551
Ann-Catrin	f	846
Ann-Catrine	f	418
Ann-Charlott	f	1540
Ann-Charlotte	f	6823
Ann-Chatrin	f	174
Ann-Chatrine	f	198
Ann-Christin	f	5591
Ann-Christine	f	3320
Ann-Cristin	f	244
Ann-Helen	f	371
Ann-Katrin	f	1507
Ann-Katrine	f	229
Ann-Kristin	f	3538
Ann-Kristine	f	275
Ann-Louise	f	3099
Ann-Margret	f	822
Ann-Margreth	f	269
Ann-Mari	f	2712
Ann-Marie	f	5221
Ann-Sofi	f	2124
Ann-Sofie	f	4870
Ann-Sophie	f	282
Anna	f	96428
Anna Greta	f	170
Anna Karin	f	950
Anna Lena	f	508
Anna Lisa	f	177
Anna Maria	f	817
Anna-Britt	f	175
Anna-Britta	f	260
Anna-Carin	f	1427
Anna-Greta	f	906
Anna-Karin	f	6374
Anna-Lena	f	5924
Anna-Liisa	f	231
Anna-Lisa	f	1316
Anna-Maria	f	1473
Anna-Sara	f	174
Anna-Stina	f	669
Annabelle	f	260
Annalena	f	279
Annbritt	f	214
Anne	f	9430
Anne Marie	f	208
Anne-Charlotte	f	950
Anne-Christine	f	578
Anne-Li	f	332
Anne-Lie	f	699
Anne-Louise	f	342
Anne-Maj	f	346
Anne-Mari	f	250
Anne-Marie	f	4005
Anne-Sofie	f	427
Anneli	f	14502
Annelie	f	8560
Annett	f	255
Annette	f	6827
Anni	f	813
Annica	f	6163
Annicka	f	695
Annie	f	5880
Annika	f	30745
Annikki	f	267
Annsofie	f	184
Anny	f	500
Ante	m	522
Anthon	m	440
Anthony	m	1476
Antoine	m	340
Antoinette	f	175
Anton	m	28518
Antoni	m	393
Antonia	f	1399
Antonio	m	2105
Antonios	m	260
Antony	m	252
Antti	m	429
Anu	f	217
Anwar	f	175
Anwar	m	655
Anya	f	267
Ara	m	162
Aram	m	912
Aran	m	204
Aras	m	416
Arash	m	708
Araz	m	186
Arben	m	334
Arda	m	290
Ardian	m	219
Aref	m	273
Ari	m	1311
Aria	f	216
Arian	m	857
Ariana	f	546
Ariel	m	176
Arif	m	362
Arild	m	256
Arina	f	246
Arja	f	761
Arkadiusz	m	445
Arkan	m	198
Arlinda	f	184
Arman	m	761
Armando	m	247
Armend	m	173
Armin	m	1133
Arne	m	9873
Arnold	m	660
Aron	m	3684
Arsema	f	252
Arta	f	198
Artem	m	213
Arthur	m	1416
Artin	m	344
Arto	m	492
Artur	m	1634
Arun	m	185
Arve	m	178
Arvid	m	13014
Arvin	m	677
Arvo	m	179
Arwa	f	223
Arwid	m	187
Arya	f	203
Aryan	m	397
Asaad	m	189
Asad	m	391
Asal	f	195
Aseel	f	281
Asha	f	639
Ashkan	m	230
Ashraf	m	386
Asia	f	378
Asif	m	222
Asim	m	290
Asiya	f	254
Asko	m	171
Aslan	m	213
Asli	f	200
Asma	f	983
Asmaa	f	709
Asmir	m	176
Assar	m	748
Asta	f	2554
Aster	f	286
Aston	m	1450
Astor	m	336
Astrid	f	16184
Asya	f	171
Athanasios	m	302
Athena	f	387
Atilla	m	168
Atlas	m	292
Atle	m	417
Attila	m	549
August	m	6698
Aune	f	212
Aurelia	f	234
Aurora	f	1484
Ava	f	1200
Avin	f	323
Awa	f	248
Awet	m	252
Axel	m	20576
Aya	f	1942
Ayaan	f	246
Ayad	m	297
Ayah	f	299
Ayan	f	715
Ayan	m	207
Ayat	f	387
Ayda	f	185
Aydin	m	341
Ayesha	f	342
Ayham	m	412
Ayhan	m	165
Ayla	f	1077
Aylin	f	1004
Ayman	m	1030
Aymen	m	206
Aynur	f	210
Ayoub	m	327
Ayse	f	620
Aysel	f	188
Aysha	f	285
Ayub	m	527
Azad	m	607
Azadeh	f	197
Azhar	f	219
Aziz	m	915
Aziza	f	424
Azra	f	897
Babak	m	343
Bahaa	m	182
Bahar	f	497
Bahman	m	208
Bahram	m	263
Bajram	m	273
Ban	f	199
Bana	f	196
Baraa	f	214
Baraa	m	200
Baran	m	323
Barbara	f	2195
Barbro	f	19646
Baris	m	177
Barry	m	184
Bartlomiej	m	281
Bartosz	m	408
Basel	m	501
Basem	m	228
Bashar	m	676
Bashir	m	599
Basma	f	326
Bassam	m	805
Bassel	m	162
Bastian	m	865
Batoul	f	392
Bayan	f	508
Bea	f	282
Beata	f	1728
Beate	f	229
Beatrice	f	4449
Beatrix	f	172
Beatriz	f	357
Behnam	m	172
Behzad	m	224
Bekim	m	286
Bekir	m	182
Belal	m	363
Belinda	f	658
Bella	f	2048
Belle	f	1026
Belma	f	293
Ben	m	919
Bengt	m	37369
Bengt Erik	m	162
Bengt Göran	m	261
Bengt Olof	m	184
Bengt Åke	m	425
Bengt-Arne	m	219
Bengt-Erik	m	297
Bengt-Göran	m	421
Bengt-Olof	m	461
Bengt-Olov	m	169
Bengt-Åke	m	706
Benita	f	636
Benjamin	m	11652
Benny	m	6107
Bent	m	267
Bente	f	475
Benyamin	m	291
Beppe	m	222
Berat	m	282
Bereket	m	316
Berfin	f	223
Berhane	m	226
Berit	f	15591
Berith	f	607
Berivan	f	293
Bernard	m	459
Bernd	m	236
Berndt	m	1126
Berne	m	342
Bernhard	m	423
Bernt	m	7508
Bernth	m	179
Bert	m	3147
Berta	f	417
Berth	m	407
Bertil	m	9369
Besim	m	350
Besnik	m	272
Bettina	f	441
Betty	f	1139
Bianca	f	3084
Bibbi	f	527
Bibi	f	589
Bilal	m	1500
Biljana	f	609
Bill	m	1873
Billie	f	587
Billy	m	2005
Bim	f	186
Biniam	m	291
Birger	m	1979
Birgit	f	9706
Birgitta	f	35775
Birgitte	f	243
Birk	m	512
Birthe	f	411
Bitte	f	366
Bjarne	m	1246
Björg	f	256
Björn	m	34329
Blanca	f	333
Blanka	f	221
Blenda	f	267
Blerim	m	225
Bo	m	35872
Bo Göran	m	254
Bo-Göran	m	291
Bob	m	600
Boban	m	176
Bobby	m	415
Bobo	m	256
Bodil	f	4523
Boel	f	1442
Bogdan	m	575
Bojan	m	469
Bojana	f	218
Bonnie	f	1601
Boo	m	173
Boris	m	1228
Bosse	m	758
Bozena	f	463
Brandon	m	279
Branislav	m	223
Branka	f	271
Branko	m	377
Brenda	f	202
Brian	m	962
Brigitte	f	410
Brita	f	2790
Britt	f	14374
Britt Inger	f	565
Britt Marie	f	552
Britt-Inger	f	1373
Britt-Louise	f	852
Britt-Mari	f	1753
Britt-Marie	f	9956
Britta	f	4957
Britten	f	216
Bror	m	3839
Bruce	m	173
Bruno	m	1966
Bryan	m	288
Bujar	m	183
Burak	m	239
Burhan	m	288
Burim	m	223
Bushra	f	637
Buster	m	243
Börje	m	6017
Caesar	m	333
Caisa	f	450
Caj	m	202
Cajsa	f	1794
Calle	m	1264
Calvin	m	164
Camila	f	372
Camilla	f	25730
Camilo	m	220
Can	m	234
Carin	f	5007
Carina	f	29474
Carita	f	1149
Carl	m	23998
Carl Johan	m	590
Carl Magnus	m	167
Carl-Axel	m	361
Carl-Eric	m	162
Carl-Erik	m	397
Carl-Fredrik	m	388
Carl-Gustaf	m	315
Carl-Gustav	m	340
Carl-Henrik	m	517
Carl-Johan	m	1958
Carl-Magnus	m	419
Carl-Olof	m	187
Carla	f	889
Carlo	m	267
Carlos	m	2095
Carmen	f	1087
Carol	f	348
Carola	f	4474
Carolin	f	1439
Carolina	f	6040
Caroline	f	18766
Carsten	m	443
Casandra	f	179
Caspar	m	257
Casper	m	6087
Caspian	m	1179
Cassandra	f	2266
Cataleya	f	226
Catalina	f	325
Catarina	f	4602
Catharina	f	4746
Catherine	f	1060
Cathrin	f	762
Cathrine	f	1604
Catrin	f	2134
Catrine	f	1006
Ceasar	m	171
Cecilia	f	23257
Cedric	m	173
Celeste	f	200
Celia	f	415
Celina	f	949
Celine	f	2252
Cesar	m	613
Cevin	m	165
Chanel	f	347
Chanelle	f	225
Chantal	f	183
Charbel	m	632
Charles	m	1859
Charlie	f	999
Charlie	m	10321
Charlott	f	786
Charlotta	f	6030
Charlotte	f	12107
Chatarina	f	579
Chatrine	f	210
Chelsea	f	234
Chi	m	175
Chiara	f	272
Chloe	f	572
Chloé	f	588
Chris	f	324
Chris	m	722
Christa	f	349
Christel	f	2869
Christelle	f	225
Christer	m	24143
Christian	m	19987
Christin	f	1618
Christina	f	28088
Christine	f	4319
Christofer	m	1764
Christoffer	m	12273
Christoph	m	209
Christophe	m	166
Christopher	m	5714
Christos	m	686
Cia	f	183
Cindy	f	666
Claes	m	9650
Claes Göran	m	187
Claes-Göran	m	1036
Claire	f	382
Clara	f	9410
Clarence	m	194
Clary	f	598
Clas	m	1957
Clas-Göran	m	258
Claudia	f	2243
Claudio	m	540
Claus	m	393
Cleo	f	1513
Cliff	m	172
Colin	m	2943
Collin	m	786
Connie	f	290
Conny	m	8089
Conrad	m	361
Constantin	m	506
Corina	f	173
Corinne	f	311
Cornelia	f	6368
Cornelis	m	630
Cornelius	m	223
Craig	m	163
Crister	m	543
Cristian	m	1192
Cristina	f	1530
Cristoffer	m	276
Csaba	m	217
Curt	m	1969
Cynthia	f	391
Céline	f	930
Dafina	f	212
Dag	m	2352
Daga	f	234
Dagmar	f	1230
Dagny	f	1308
Dahir	m	185
Dahlia	f	392
Daisy	f	668
Dajana	f	196
Dalal	f	414
Dalia	f	893
Dalibor	m	259
Damian	m	879
Damien	m	331
Damir	m	697
Dan	m	11444
Dana	f	811
Dana	m	240
Dani	m	579
Dania	f	640
Danial	m	490
Danica	f	298
Daniel	m	57195
Daniela	f	2351
Daniele	m	175
Daniella	f	2195
Danielle	f	480
Danijel	m	468
Danijela	f	568
Danilo	m	500
Danny	m	869
Dante	m	2896
Danuta	f	688
Daphne	f	218
Daria	f	693
Darian	m	201
Darin	f	180
Darin	m	490
Dario	m	485
Darius	m	385
Dariusz	m	918
Darko	m	572
Darya	f	228
David	m	33006
Davide	m	191
Davor	m	241
Dawid	m	778
Dawit	m	477
Dawood	m	168
Dea	f	184
Dean	m	278
Debora	f	248
Deborah	f	471
Dejan	m	974
Delia	f	208
Delina	f	282
Demir	m	173
Denice	f	449
Denis	m	1375
Denisa	f	198
Denise	f	2122
Deniz	f	247
Deniz	m	661
Dennis	m	12476
Denniz	m	222
Denny	m	492
Derek	m	185
Derya	f	271
Desireé	f	182
Desiré	f	236
Desirée	f	1148
Destiny	f	188
Devin	m	686
Dewin	m	211
Dexter	m	861
Diana	f	5891
Diane	f	176
Diar	m	204
Dick	m	2919
Didrik	m	959
Diego	m	757
Dieter	m	231
Dijana	f	408
Dilan	f	353
Dilan	m	286
Dilara	f	330
Dilek	f	201
Dima	f	513
Dimitra	f	218
Dimitri	m	199
Dimitrios	m	901
Dina	f	1261
Dino	m	867
Dion	m	510
Dirk	m	215
Disa	f	1359
Ditte	f	320
Diyar	m	304
Dmytro	m	195
Doaa	f	302
Dominic	m	681
Dominik	m	656
Dominika	f	391
Dominique	f	197
Donald	m	532
Donia	f	177
Donna	f	222
Donya	f	263
Dora	f	349
Dorian	m	221
Doris	f	4148
Dorota	f	781
Dorotea	f	171
Dorothea	f	224
Dorothy	f	202
Douglas	m	2895
Dragan	m	1260
Dragana	f	617
Dragica	f	388
Driton	m	178
Duaa	f	247
Duc	m	271
Dumitru	m	177
Dunia	f	223
Dunya	f	227
Dusan	m	410
Dylan	m	1183
Dzevad	m	168
Désirée	f	261
Ebba	f	19824
Ebbe	m	4950
Ebbot	m	491
Ebrahim	m	448
Ebrima	m	229
Ebru	f	223
Eda	f	329
Edda	f	958
Eddie	m	4096
Eddy	m	574
Eden	f	648
Edessa	f	192
Edgar	m	947
Edin	m	1112
Edina	f	589
Edis	m	202
Edison	m	209
Edit	f	1698
Edita	f	356
Edith	f	4513
Edla	f	271
Edmond	m	250
Edmund	m	205
Edna	f	236
Edona	f	219
Eduard	m	341
Eduardo	m	604
Edvard	m	1333
Edvin	m	9555
Edward	m	2477
Edwin	m	3379
Edyta	f	338
Eero	m	439
Eeva	f	688
Efe	m	194
Efrem	m	256
Egil	m	486
Egon	m	1160
Egzon	m	232
Ehsan	m	545
Eija	f	1025
Eije	m	162
Eila	f	1295
Eilert	m	211
Einar	m	2378
Eino	m	324
Eira	f	1695
Eivor	f	4197
Eje	m	466
Ejvor	f	308
Ekaterina	f	587
Ekrem	m	282
El	m	170
Ela	f	332
Elaine	f	806
Eldana	f	200
Eldar	m	230
Eldin	m	353
Eleanor	f	357
Elena	f	3795
Eleni	f	819
Elenor	f	610
Elenore	f	187
Eleonor	f	1302
Eleonora	f	1227
Eleonore	f	545
Elham	f	674
Eli	f	260
Eli	m	592
Elia	m	447
Eliah	m	258
Elian	m	394
Eliana	f	664
Elias	m	23180
Eliaz	m	201
Elicia	f	545
Elida	f	203
Elie	m	342
Elif	f	716
Elijah	m	375
Elin	f	37081
Elina	f	6362
Eline	f	324
Elinor	f	1447
Elinore	f	220
Elion	m	304
Eliot	m	299
Eliott	m	174
Elis	m	3800
Elisa	f	1526
Elisabet	f	9671
Elisabeth	f	19498
Elise	f	5109
Elisia	f	298
Elissa	f	328
Eliza	f	610
Elizabeth	f	1954
Elize	f	223
Elke	f	226
Ella	f	17283
Elle	f	575
Ellen	f	16380
Ellenor	f	340
Elli	f	790
Ellie	f	5463
Ellika	f	176
Ellinor	f	6053
Ellinore	f	534
Ellion	m	166
Elliot	m	8917
Elliott	m	1100
Ellis	m	365
Elly	f	1656
Elma	f	1822
Elmer	m	1458
Elmira	f	250
Elna	f	1766
Elnaz	f	190
Elof	m	507
Elon	m	242
Elona	f	190
Els-Marie	f	220
Elsa	f	21401
Else	f	979
Else-Britt	f	284
Else-Marie	f	465
Elsi	f	268
Elsie	f	3639
Elsy	f	1698
Elton	m	4150
Elvedin	m	182
Elvi	f	457
Elvin	m	2249
Elvina	f	253
Elvir	m	325
Elvira	f	8083
Elvis	m	1477
Elvy	f	1542
Elwin	m	525
Elwira	f	417
Elyas	m	252
Elza	f	200
Elzbieta	f	946
Ema	f	364
Emad	m	676
Eman	f	650
Emanuel	m	3555
Embla	f	1182
Emel	f	173
Emeli	f	452
Emelia	f	384
Emelie	f	21939
Emelina	f	180
Emely	f	352
Emil	m	32226
Emilia	f	15402
Emilie	f	1854
Emilija	f	367
Emilio	m	1865
Emily	f	2556
Emin	m	759
Emina	f	1240
Emine	f	683
Emir	m	1482
Emira	f	270
Emma	f	50763
Emmanuel	m	759
Emmeli	f	315
Emmelie	f	1019
Emmett	m	162
Emmi	f	547
Emmie	f	1494
Emmy	f	4374
Emrah	m	166
Emran	m	215
Emre	m	533
Emrik	m	478
Emy	f	419
Ena	f	235
Enar	m	429
Enas	f	176
Enes	m	705
Engla	f	1482
Enis	m	331
Enisa	f	314
Enrique	m	293
Ensar	m	186
Enver	m	400
Enya	f	1098
Enzo	m	796
Ercan	m	172
Eren	m	226
Erfan	m	191
Eric	m	9442
Erica	f	4638
Erick	m	173
Erik	m	54860
Erika	f	10527
Erin	f	193
Erina	f	183
Erja	f	202
Erkan	m	222
Erkki	m	722
Erland	m	1170
Erling	m	1219
Ermias	m	205
Ermin	m	276
Erna	f	1095
Ernest	m	206
Ernesto	m	232
Ernst	m	2083
Erol	m	206
Ervin	m	349
Erwin	m	230
Esa	m	562
Esad	m	237
Esbjörn	m	489
Eskil	m	1923
Esko	m	469
Esma	f	553
Esmeralda	f	728
Espen	m	192
Esra	f	428
Esraa	f	291
Essie	f	189
Esteban	m	168
Estelle	f	1345
Ester	f	6027
Esther	f	3207
Estrid	f	841
Ethan	m	299
Ethel	f	1191
Eugen	m	231
Eugenia	f	248
Eva	f	78280
Eva Lena	f	276
Eva Marie	f	206
Eva-Britt	f	1312
Eva-Karin	f	487
Eva-Lena	f	2596
Eva-Lis	f	206
Eva-Lisa	f	326
Eva-Lott	f	238
Eva-Lotta	f	1212
Eva-Maria	f	308
Eva-Marie	f	797
Evald	m	277
Evan	m	400
Evangelia	f	222
Evangelos	m	195
Evelin	f	482
Evelina	f	9617
Eveline	f	476
Evelyn	f	1534
Even	m	196
Evert	m	1525
Evin	f	396
Evy	f	3461
Ewa	f	5289
Ewelina	f	699
Eyad	m	308
Eyvind	m	174
Fabian	m	4718
Fabio	m	284
Fadi	m	1645
Fadia	f	406
Fadil	m	286
Fadila	f	206
Faduma	f	341
Fadumo	f	1032
Fahad	m	406
Fahed	m	166
Fahima	f	347
Faisa	f	178
Faisal	m	578
Faiza	f	419
Fannie	f	300
Fanny	f	7930
Farah	f	1061
Farah	m	200
Fardowsa	f	244
Fares	m	441
Farhad	m	813
Farhan	m	415
Farhia	f	180
Farhiya	f	275
Farhiyo	f	204
Fariba	f	401
Farid	m	682
Farida	f	502
Farideh	f	269
Faris	m	346
Fartun	f	389
Faruk	m	354
Farzad	m	276
Farzana	f	259
Farzaneh	f	299
Fatema	f	867
Fatemeh	f	1386
Faten	f	518
Fatih	m	273
Fatima	f	5483
Fatimah	f	410
Fatime	f	355
Fatma	f	1549
Fatme	f	223
Fatmir	m	214
Fatou	f	383
Fatuma	f	300
Faysal	m	171
Federico	m	238
Fehmi	m	175
Felice	f	193
Felicia	f	14486
Felipe	m	481
Felix	m	12445
Felizia	f	260
Feras	m	462
Ferdinand	m	186
Ferenc	m	305
Fereshteh	f	244
Ferhat	m	218
Feride	f	189
Fernanda	f	202
Fernando	m	703
Feven	f	293
Fia	f	707
Fikret	m	249
Filip	m	20600
Filiph	m	200
Filippa	f	7723
Filiz	f	236
Filmon	m	315
Finn	m	1036
Fiona	f	729
Firas	m	620
Firat	m	231
Flemming	m	267
Flora	f	1180
Florence	f	910
Florentina	f	233
Florian	m	632
Florin	m	341
Folke	m	3825
Fouad	m	502
Frances	f	290
Francesca	f	313
Francesco	m	359
Francis	m	566
Francisca	f	207
Francisco	m	813
Franco	m	216
Frank	m	6518
Frans	m	4793
Franz	m	562
Franziska	f	185
Fred	m	2312
Freddie	m	744
Freddy	m	890
Frederick	m	189
Frederik	m	396
Fredric	m	1549
Fredrica	f	195
Fredrick	m	424
Fredrik	m	51830
Fredrika	f	1426
Frej	m	956
Freja	f	8019
Freya	f	1126
Freyja	f	223
Frida	f	21639
Fritz	m	693
Frode	m	323
Fuad	m	435
Furkan	m	164
Gabi	m	193
Gabor	m	255
Gabriel	m	13047
Gabriela	f	1438
Gabriele	f	335
Gabriella	f	6184
Gabrielle	f	612
Galina	f	451
Gary	m	426
Geir	m	190
Genet	f	269
Georg	m	1719
George	m	2924
Georges	m	535
Georgette	f	175
Georgi	m	174
Georgia	f	326
Georgina	f	216
Georgios	m	1380
Gerard	m	180
Gerd	f	9315
Gerda	f	804
Gerhard	m	650
Gerry	m	283
Gert	m	4874
Gerth	m	240
Gertie	f	475
Gertrud	f	2946
Gerty	f	181
Ghada	f	545
Ghaith	m	268
Ghassan	m	537
Ghazal	f	407
Gheorghe	m	372
Gholam	m	305
Ghulam	m	220
Gideon	m	290
Gilbert	m	426
Gill	f	338
Gillis	m	556
Gina	f	893
Gino	m	217
Giovanni	m	463
Gisela	f	1423
Git	f	434
Gith	f	185
Gittan	f	180
Gitte	f	445
Giulia	f	215
Giuseppe	m	259
Gladys	f	317
Glen	m	225
Glenn	m	3031
Gloria	f	843
Gonzalo	m	208
Goran	m	1368
Gordana	f	645
Gordon	m	384
Gottfrid	m	360
Grace	f	732
Grazyna	f	561
Greger	m	1161
Gregor	m	190
Gregory	m	233
Greta	f	4325
Grete	f	266
Grethe	f	256
Grim	m	305
Gry	f	745
Grzegorz	m	1109
Gudrun	f	5942
Guillermo	m	269
Guled	m	171
Gull	f	395
Gull-Britt	f	1194
Gullan	f	818
Gullbritt	f	390
Gulli	f	813
Gullvi	f	563
Gun	f	15313
Gun-Britt	f	4076
Gun-Marie	f	402
Gunborg	f	1765
Gunbritt	f	1221
Gunder	m	187
Gunhild	f	2291
Gunilla	f	25080
Gunlög	f	212
Gunn	f	1177
Gunn-Britt	f	324
Gunnar	m	14110
Gunnel	f	11659
Gunni	f	455
Gunvi	f	174
Gunvor	f	5595
Gurli	f	554
Gustaf	m	6634
Gustav	m	21186
Gustavo	m	354
Gusten	m	536
Guy	m	416
Gärd	f	344
Gökhan	m	196
Göran	m	24186
Görel	f	790
Görgen	m	393
Gösta	m	4022
Göta	f	642
Göte	m	2370
Günter	m	171
Haben	m	168
Habib	m	666
Habiba	f	389
Habtom	m	226
Haci	m	199
Hadeel	f	252
Hadi	m	1073
Hadia	f	215
Hadil	f	363
Hafsa	f	476
Haidar	m	570
Haider	m	390
Hailey	f	1336
Haitham	m	342
Hajar	f	241
Hakan	m	350
Hakim	m	268
Hala	f	1444
Haley	f	217
Halil	m	443
Halima	f	893
Halimo	f	369
Halina	f	528
Hamda	f	200
Hamdi	f	527
Hamdi	m	169
Hamed	m	669
Hamid	m	1583
Hamida	f	279
Hampus	m	11449
Hamse	m	196
Hamza	m	2294
Hamze	m	167
Hana	f	1326
Hanaa	f	539
Hanad	m	292
Hanadi	f	300
Hanan	f	1596
Haneen	f	258
Hani	f	396
Hani	m	634
Hanin	f	466
Hanna	f	32234
Hanna	m	397
Hannah	f	4664
Hanne	f	802
Hannele	f	501
Hannes	m	5729
Hannu	m	781
Hans	m	43634
Hans Erik	m	364
Hans Göran	m	182
Hans Olof	m	212
Hans Åke	m	242
Hans-Erik	m	865
Hans-Göran	m	327
Hans-Olof	m	538
Hans-Olov	m	266
Hans-Åke	m	458
Harald	m	2634
Hardy	m	217
Haris	m	917
Harley	m	221
Harri	m	726
Harriet	f	3296
Harry	m	7750
Harun	m	451
Hasan	m	2517
Hashem	m	231
Hashim	m	301
Hassan	m	4505
Hasse	m	983
Hatem	m	162
Hatice	f	480
Hava	f	184
Haval	m	178
Havanna	f	267
Havin	f	185
Hawa	f	549
Hawo	f	312
Haya	f	377
Hayat	f	617
Haydar	m	235
Hayder	m	319
Haylie	f	285
Hazem	m	320
Heba	f	729
Hector	m	836
Hedda	f	4207
Hedvig	f	3493
Hedwig	f	224
Heidi	f	2540
Heike	f	197
Heikki	m	655
Heinz	m	307
Hektor	m	262
Helen	f	8896
Helena	f	27193
Helene	f	7097
Helga	f	1264
Helge	m	1508
Heli	f	468
Helin	f	685
Helle	f	427
Hellen	f	175
Helmer	m	994
Helmi	f	311
Helmut	m	222
Helén	f	3812
Heléna	f	195
Heléne	f	2459
Hend	f	184
Hendrik	m	253
Henna	f	176
Henning	m	1939
Henny	f	789
Henok	m	369
Henri	m	531
Henric	m	1782
Henrietta	f	512
Henriette	f	306
Henrik	m	30716
Henry	m	6229
Henryk	m	271
Herbert	m	571
Herman	m	2846
Hermine	f	197
Herta	f	205
Hiba	f	1030
Hibo	f	311
Hicham	m	215
Hilda	f	4724
Hilde	f	468
Hildegard	f	183
Hilding	m	875
Hildur	f	337
Hilja	f	183
Hilkka	f	559
Hillevi	f	1773
Hilma	f	3088
Hilmer	m	317
Hind	f	345
Hisham	m	290
Hjalmar	m	3660
Hjördis	f	1695
Hoda	f	469
Hodan	f	530
Holger	m	1853
Hollie	f	373
Holly	f	859
Hong	f	226
Horst	m	200
Hossam	m	163
Hossein	m	1023
Houda	f	267
Hubert	m	459
Huda	f	1066
Hugo	m	20324
Hulda	f	412
Husam	m	332
Husein	m	334
Hussain	m	558
Hussam	m	443
Hussein	m	3435
Håkan	m	25427
Héléne	f	188
Hülya	f	232
Hüseyin	m	386
Ia	f	431
Ian	m	1839
Iben	f	175
Ibrahim	m	6327
Ibtisam	f	355
Ida	f	28825
Ida-Maria	f	186
Idil	f	280
Idris	m	744
Idun	f	1580
Ieva	f	196
Ifrah	f	354
Ignacio	m	163
Igor	m	1391
Ihab	m	241
Ihsan	m	257
Ikhlas	f	176
Ikram	f	260
Ikran	f	215
Ildiko	f	192
Ilham	f	381
Ilhan	f	175
Ilia	m	179
Ilias	m	415
Ilija	m	317
Ilir	m	276
Ilkka	m	204
Ilma	f	204
Ilona	f	1245
Ilse	f	1517
Ilya	m	175
Ilyas	m	718
Imad	m	806
Iman	f	1817
Iman	m	244
Imran	m	743
Imre	m	283
Ina	f	1445
Inas	f	284
Indira	f	335
Indra	f	483
Ines	f	4026
Inez	f	3666
Ing-Britt	f	1901
Ing-Mari	f	876
Ing-Marie	f	2959
Inga	f	9170
Inga-Britt	f	2029
Inga-Lena	f	604
Inga-Lill	f	4863
Inga-Lisa	f	513
Inga-Maj	f	669
Ingalill	f	3008
Ingbritt	f	800
Inge	f	262
Inge	m	2647
Ingeborg	f	1360
Ingegerd	f	5592
Ingegärd	f	2296
Ingela	f	11927
Ingemar	m	7192
Ingemo	f	195
Inger	f	32604
Ingmar	m	1079
Ingmari	f	346
Ingmarie	f	414
Ingrid	f	37922
Ingvar	m	4799
Ingvor	f	938
Inna	f	328
Intisar	f	236
Ioan	m	364
Ioana	f	252
Ioanna	f	228
Ioannis	m	825
Ion	m	340
Ionut	m	250
Iqra	f	301
Irena	f	886
Irene	f	8466
Irfan	m	346
Irina	f	1714
Iris	f	6749
Irja	f	756
Irma	f	4224
Irmeli	f	257
Iryna	f	441
Irén	f	283
Iréne	f	2240
Isa	f	1875
Isa	m	579
Isaac	m	1526
Isabel	f	3051
Isabell	f	3626
Isabella	f	9229
Isabelle	f	10285
Isac	m	4312
Isadora	f	299
Isak	m	12650
Isam	m	194
Ishak	m	409
Isidor	m	271
Islam	m	242
Ismael	m	426
Ismail	m	1898
Ismet	m	528
Ismo	m	203
Isolde	f	582
Isra	f	575
Israa	f	535
Issa	m	723
Issam	m	339
Istvan	m	476
Iva	f	330
Ivan	m	4458
Ivana	f	991
Ivanka	f	192
Ivar	m	4424
Ivica	m	342
Ivo	m	332
Ivy	f	232
Iwona	f	733
Iyad	m	229
Iza	f	449
Izabela	f	621
Izabell	f	363
Izabella	f	1517
Izabelle	f	854
Izet	m	164
Jaakko	m	234
Jaan	m	187
Jaana	f	1120
Jacek	m	743
Jack	m	6940
Jackie	f	261
Jackson	m	207
Jacob	m	11073
Jacqueline	f	1373
Jacques	m	205
Jad	m	511
Jade	f	183
Jadranka	f	182
Jadwiga	f	415
Jafar	m	377
Jaime	m	417
Jake	m	206
Jakob	m	10632
Jakub	m	1067
Jalal	m	518
Jamal	m	1286
James	m	2866
Jamie	f	200
Jamie	m	1547
Jamil	m	502
Jamila	f	759
Jamshid	m	208
Jan	m	57000
Jan Erik	m	1178
Jan Olof	m	601
Jan Olov	m	276
Jan Ove	m	203
Jan Åke	m	603
Jan-Anders	m	235
Jan-Eric	m	577
Jan-Erik	m	4628
Jan-Inge	m	248
Jan-Olof	m	2279
Jan-Olov	m	938
Jan-Ove	m	501
Jan-Åke	m	1525
Jana	f	1519
Jane	f	3083
Janet	f	1607
Janeth	f	174
Janette	f	397
Jani	m	713
Janina	f	981
Janis	m	326
Janna	f	474
Janne	m	1188
Janni	f	228
Jannica	f	443
Jannice	f	259
Jannie	f	173
Jannika	f	222
Jannike	f	482
Janos	m	391
Janusz	m	478
Jaqueline	f	325
Jari	m	1838
Jarkko	m	177
Jarl	m	1224
Jarmo	m	843
Jaroslaw	m	607
Jasmin	f	1842
Jasmin	m	598
Jasmina	f	1358
Jasmine	f	3194
Jasminka	f	321
Jasna	f	227
Jason	m	1296
Jasper	m	319
Javad	m	345
Javid	m	235
Javier	m	499
Jawad	m	487
Jax	m	228
Jaxon	m	174
Jayden	m	320
Jean	m	1178
Jeanette	f	9935
Jeannette	f	369
Jeff	m	405
Jeffrey	m	318
Jehad	m	209
Jelena	f	1320
Jenna	f	690
Jenni	f	982
Jennica	f	271
Jennie	f	8700
Jennifer	f	9850
Jenny	f	29902
Jens	m	10829
Jeremiah	m	180
Jeremy	m	348
Jerker	m	1489
Jerry	m	3536
Jerzy	m	501
Jesper	m	17425
Jesse	m	370
Jessica	f	21755
Jessie	f	413
Jessika	f	1401
Jesus	m	239
Jeton	m	191
Jette	f	180
Jibril	m	214
Jihad	m	256
Jihan	f	281
Jill	f	1765
Jim	m	3969
Jimi	m	336
Jimmi	m	379
Jimmie	m	1657
Jimmy	m	13330
Jinan	f	192
Jing	f	279
Joachim	m	3364
Joacim	m	2463
Joakim	m	26231
Joan	f	233
Joan	m	200
Joana	f	234
Joanna	f	3289
Joao	m	162
Joaquin	m	172
Joar	m	1289
Joe	m	317
Joel	m	15375
Johan	m	73561
Johann	m	364
Johanna	f	33895
Johannes	m	10174
John	m	20677
John-Erik	m	232
Johnnie	m	215
Johnny	m	6758
Johny	m	422
Jolanta	f	900
Jolene	f	225
Jolie	f	345
Jolin	f	300
Jolina	f	266
Joline	f	2409
Jon	m	3432
Jona	m	279
Jonah	m	430
Jonas	m	40226
Jonatan	m	5429
Jonathan	m	17804
Jones	m	267
Joni	f	253
Joni	m	372
Jonna	f	4797
Jonnie	m	282
Jonny	m	5842
Jordan	m	633
Jorge	m	1118
Jorma	m	803
Jorunn	f	186
Jose	m	1159
Josef	m	5681
Josefin	f	10436
Josefina	f	1265
Josefine	f	10435
Joseph	m	2139
Josephine	f	2724
Joshua	m	1065
Josip	m	471
José	m	1012
Joudi	f	198
Jouko	m	473
Jouni	m	536
Jovan	m	417
Jovana	f	370
Joy	f	532
Joyce	f	293
Jozef	m	389
Jozsef	m	295
João	m	179
Juan	m	1872
Juana	f	188
Judit	f	868
Judith	f	1455
Judy	f	224
Juha	m	1164
Juhani	m	582
Jukka	m	702
Juli	f	275
Julia	f	31232
Julian	m	3586
Juliana	f	557
Julianna	f	206
Julie	f	2186
Julien	m	227
Juliet	f	233
Juliette	f	406
Julija	f	206
Julio	m	414
Julius	m	3061
June	f	439
Juni	f	3165
Junia	f	208
Junie	f	896
Junior	m	297
Juno	f	755
Jussi	m	336
Justin	m	525
Justina	f	225
Justus	m	224
Justyna	f	496
Jusuf	m	228
Jutta	f	198
Jyrki	m	231
Jytte	f	178
Jöns	m	164
Jörg	m	216
Jörgen	m	15485
Jörn	m	303
Jürgen	m	421
Kaan	m	209
Kaarina	f	377
Kacper	m	551
Kadir	m	234
Kai	m	1251
Kaija	f	375
Kaisa	f	642
Kaj	m	3180
Kajsa	f	8511
Kalevi	m	273
Kalle	m	2676
Kamal	m	786
Kamar	f	176
Kamel	m	205
Kamil	m	966
Kamila	f	494
Kamilla	f	588
Kamran	m	323
Karam	m	814
Kareem	m	167
Karen	f	794
Kari	f	491
Kari	m	1682
Karim	m	1438
Karima	f	392
Karin	f	57493
Karina	f	2754
Karl	m	33888
Karl Axel	m	171
Karl Erik	m	721
Karl Gunnar	m	220
Karl Gustav	m	193
Karl Johan	m	302
Karl-Axel	m	458
Karl-Erik	m	2090
Karl-Gunnar	m	318
Karl-Gustaf	m	203
Karl-Gustav	m	476
Karl-Göran	m	245
Karl-Henrik	m	231
Karl-Johan	m	1047
Karl-Olof	m	234
Karl-Oskar	m	212
Karl-Åke	m	236
Karla	f	681
Karol	m	473
Karola	f	200
Karolin	f	822
Karolina	f	6215
Karoline	f	701
Karrar	m	184
Karsten	m	243
Karwan	m	251
Kasim	m	208
Kasper	m	2764
Katalin	f	443
Katarina	f	18004
Katarzyna	f	1622
Kate	f	782
Katerina	f	428
Kateryna	f	208
Katharina	f	1338
Katherine	f	394
Kathleen	f	208
Kathrin	f	347
Kathrine	f	242
Kati	f	197
Katia	f	244
Katie	f	186
Katinka	f	202
Katja	f	2265
Katri	f	279
Katrin	f	2462
Katrina	f	346
Katrine	f	440
Kauko	m	247
Kaveh	m	180
Kawa	m	224
Kawthar	f	221
Kay	m	281
Kayla	f	267
Kazem	m	179
Keijo	m	443
Keith	m	349
Kellie	f	195
Kelly	f	984
Kelvin	m	363
Kemal	m	484
Ken	m	819
Kenan	m	896
Kennert	m	332
Kennet	m	2413
Kenneth	m	12579
Kenny	m	2173
Kent	m	16124
Kenth	m	2751
Kenza	f	185
Kerem	m	162
Kerim	m	242
Kersti	f	916
Kerstin	f	45037
Kerttu	f	239
Ketty	f	287
Kevin	m	12757
Kewin	m	296
Keyla	f	178
Khadar	m	167
Khadija	f	1245
Khadijeh	f	184
Khadra	f	328
Khaled	m	2780
Khalid	m	1520
Khalil	m	976
Kia	f	378
Kian	m	2227
Kiana	f	207
Kiara	f	396
Kicki	f	750
Kid	m	203
Kilian	m	199
Kim	f	2606
Kim	m	8389
Kimberly	f	550
Kimmo	m	576
Kinga	f	388
Kira	f	524
Kirill	m	176
Kirsi	f	558
Kirsten	f	627
Kirsti	f	657
Kitty	f	367
Kjell	m	25358
Kjell Åke	m	471
Kjell-Arne	m	170
Kjell-Ove	m	179
Kjell-Åke	m	908
Kjerstin	f	287
Klara	f	10558
Klas	m	5878
Klas-Göran	m	337
Klaudia	f	532
Klaus	m	603
Knut	m	4317
Kobra	f	219
Konrad	m	1038
Konstantin	m	486
Konstantinos	m	904
Kornelia	f	307
Krister	m	6757
Kristian	m	5966
Kristiina	f	400
Kristijan	m	224
Kristin	f	4808
Kristina	f	26267
Kristine	f	815
Kristofer	m	2205
Kristoffer	m	7154
Krisztina	f	175
Krystian	m	363
Krystyna	f	815
Krzysztof	m	1688
Kurt	m	9650
Kyle	m	167
Käthe	f	183
Kåre	m	565
Laban	m	165
Lage	m	543
Laila	f	7505
Laith	m	536
Lajla	f	311
Lama	f	414
Lamar	f	460
Lamia	f	237
Lamin	m	294
Lamis	f	241
Lana	f	1756
Lara	f	2042
Larin	f	222
Larisa	f	422
Larissa	f	393
Larry	m	345
Lars	m	81754
Lars Erik	m	1238
Lars Gunnar	m	463
Lars Göran	m	1231
Lars Inge	m	171
Lars Olof	m	506
Lars Olov	m	180
Lars Ove	m	205
Lars Åke	m	808
Lars-Eric	m	446
Lars-Erik	m	4168
Lars-Gunnar	m	1039
Lars-Göran	m	2865
Lars-Inge	m	409
Lars-Johan	m	177
Lars-Ola	m	176
Lars-Olof	m	1623
Lars-Olov	m	548
Lars-Ove	m	602
Lars-Åke	m	2092
Lasse	m	1366
Laszlo	m	596
Latif	m	189
Latifa	f	355
Laura	f	4352
Laurent	m	168
Lauri	m	355
Lava	f	373
Lavin	f	255
Lawrence	m	199
Layan	f	734
Layla	f	697
Layth	m	178
Lazar	m	264
Lea	f	3794
Leah	f	3879
Leandra	f	186
Leandro	m	492
Lee	f	332
Lee	m	381
Leen	f	677
Leena	f	1504
Leia	f	3337
Leif	m	31491
Leija	f	272
Leila	f	2764
Lejla	f	1043
Lemlem	f	199
Lena	f	55493
Lene	f	400
Lenita	f	394
Lennart	m	21707
Lennie	m	276
Lennon	m	332
Lennox	m	764
Lenny	m	352
Leo	m	14841
Leon	m	8233
Leona	f	1686
Leonard	m	1846
Leonardo	m	1284
Leonel	m	624
Leonidas	m	328
Leonie	f	496
Leonora	f	916
Leonore	f	330
Leopold	m	619
Leszek	m	322
Leticia	f	235
Levi	m	2232
Levis	m	266
Lewis	m	285
Lex	m	274
Lexi	f	226
Lexie	f	524
Leya	f	341
Leyla	f	1164
León	m	270
Li	f	1395
Lia	f	962
Liam	m	15497
Lian	m	227
Liana	f	512
Lias	m	789
Liban	m	429
Lida	f	183
Lidia	f	744
Lidija	f	286
Lidya	f	194
Liisa	f	988
Lil	f	182
Lili	f	364
Lilia	f	336
Lilian	f	5551
Liliana	f	568
Lilja	f	928
Lill	f	585
Lillemor	f	4343
Lilli	f	278
Lillian	f	775
Lillie	f	432
Lilly	f	6574
Lilo	f	266
Lily	f	3324
Lin	f	563
Lina	f	17490
Linda	f	38250
Linda-Marie	f	243
Line	f	1210
Linn	f	12039
Linnea	f	14278
Linnéa	f	15136
Linus	m	20013
Lion	m	730
Lionel	m	1001
Liridon	m	210
Liridona	f	179
Lis	f	451
Lisa	f	20264
Lisbet	f	2266
Lisbeth	f	9362
Lise	f	540
Lise-Lott	f	1497
Lise-Lotte	f	2110
Liselott	f	2703
Liselotte	f	3062
Lisen	f	966
Lisette	f	790
Liudmila	f	199
Liv	f	5525
Liva	f	198
Livia	f	3776
Liya	f	228
Liyana	f	264
Liz	f	610
Liza	f	1246
Lizette	f	644
Lizzie	f	324
Ljiljana	f	533
Ljubica	f	284
Lo	f	2011
Lo	m	521
Loa	m	557
Logan	m	192
Loke	m	4296
Lola	f	879
Lolita	f	211
Lone	f	352
Lorena	f	583
Lorentz	m	317
Lorenzo	m	464
Lorik	m	267
Lorin	f	395
Lotta	f	4411
Lotte	f	236
Lotten	f	500
Lottie	f	282
Lou	f	620
Loui	m	1935
Louice	f	296
Louie	m	1767
Louis	m	695
Louisa	f	555
Louise	f	15367
Lova	f	5367
Love	f	180
Love	m	5572
Lovelia	f	427
Lovis	f	2145
Lovisa	f	12623
Lowa	f	973
Lowe	m	1821
Luan	m	231
Lubna	f	275
Luca	m	689
Lucas	m	14641
Lucia	f	951
Lucian	m	186
Luciano	m	224
Lucie	f	209
Lucy	f	695
Lucyna	f	186
Ludde	m	164
Ludmila	f	295
Ludvig	m	11841
Ludwig	m	5599
Luis	m	1563
Luisa	f	406
Luiza	f	202
Lujain	f	216
Luka	m	886
Lukas	m	12172
Lukasz	m	1125
Luke	m	423
Luna	f	3216
Luwam	f	245
Luz	f	245
Lydia	f	1902
Lykke	f	2683
Lynn	f	333
Léon	m	660
Maarit	f	671
Maciej	m	728
Madelaine	f	644
Madeleine	f	11975
Madelen	f	979
Madelene	f	4678
Madeléne	f	370
Madicken	f	438
Madina	f	392
Magda	f	682
Magdalena	f	5810
Maggie	f	440
Magne	m	202
Magnus	m	41933
Maha	f	992
Mahad	m	499
Mahamed	m	672
Mahamud	m	181
Mahdi	m	1747
Maher	m	949
Mahir	m	416
Mahmod	m	276
Mahmood	m	407
Mahmoud	m	3575
Mahmud	m	242
Mahmut	m	230
Mahnaz	f	321
Mahsa	f	278
Mai	f	588
Maia	f	528
Maida	f	553
Maija	f	750
Maine	f	184
Maire	f	383
Mait	f	300
Maj	f	6700
Maj-Britt	f	5103
Maj-Lis	f	2120
Maja	f	20112
Majbritt	f	483
Majd	m	566
Majda	f	183
Majed	m	477
Majid	m	807
Majken	f	3933
Majlis	f	829
Majvi	f	324
Majvor	f	1483
Maksim	m	335
Maksymilian	m	162
Malak	f	1103
Malcolm	m	822
Malek	m	739
Malena	f	765
Malgorzata	f	1309
Malik	m	786
Malika	f	401
Malin	f	40278
Malou	f	908
Malte	m	7217
Malva	f	1961
Malvina	f	249
Manal	f	1037
Manar	f	473
Manda	f	286
Manfred	m	1190
Manne	m	864
Mansour	m	329
Mantas	m	185
Manuel	m	1100
Manuela	f	456
Mara	f	294
Marah	f	237
Maral	f	198
Maram	f	458
Marc	m	888
Marcel	m	1082
Marcela	f	454
Marcelo	m	478
Marcin	m	1486
Marco	m	1660
Marcos	m	318
Marcus	m	29661
Marek	m	1254
Margaret	f	478
Margareta	f	20856
Margareth	f	190
Margaretha	f	2924
Margarita	f	612
Margit	f	4283
Margita	f	726
Margot	f	1682
Margret	f	524
Margreth	f	292
Marguerite	f	209
Mari	f	4394
Mari-Ann	f	388
Mari-Anne	f	271
Mari-Louise	f	378
Maria	f	82976
Mariam	f	3854
Mariama	f	277
Marian	f	393
Marian	m	443
Mariana	f	1945
Mariann	f	1458
Marianna	f	419
Marianne	f	19565
Marica	f	635
Marie	f	37366
Marie Louise	f	395
Marie-Anne	f	228
Marie-Louise	f	5536
Mariella	f	265
Marielle	f	1440
Mariette	f	722
Mariia	f	312
Marija	f	1574
Marijana	f	297
Marika	f	3468
Marilyn	f	225
Marin	m	177
Marina	f	6904
Marine	f	228
Mario	m	1826
Mariola	f	245
Marion	f	841
Marit	f	1412
Marita	f	8719
Maritha	f	639
Maritta	f	343
Maritza	f	207
Marius	m	960
Mariusz	m	983
Mariya	f	201
Marja	f	1458
Marja-Leena	f	412
Marja-Liisa	f	263
Marjan	f	261
Marjatta	f	433
Marjo	f	323
Mark	m	1926
Markku	m	1128
Marko	m	2368
Markus	m	13137
Marlen	f	208
Marlena	f	212
Marlene	f	2327
Marley	m	303
Marlon	m	428
Marléne	f	343
Marta	f	2573
Martha	f	758
Martin	m	39090
Martina	f	7543
Martti	m	515
Martyna	f	306
Marvin	m	409
Marwa	f	1274
Marwah	f	172
Marwan	m	768
Marwin	m	177
Mary	f	3199
Maryam	f	4107
Maryama	f	271
Maryan	f	726
Marzena	f	374
Marzia	f	177
Marzieh	f	235
Masa	f	384
Mason	m	339
Masoud	m	560
Masoumeh	f	383
Matej	m	184
Mateo	m	1203
Mateusz	m	891
Matheo	m	1752
Matheus	m	465
Mathias	m	9888
Mathilda	f	5066
Mathilde	f	550
Maths	m	362
Matias	m	671
Matilda	f	16947
Matilde	f	288
Matin	m	346
Mats	m	40412
Matteo	m	2148
Matteus	m	1012
Matthew	m	909
Matthias	m	1097
Matti	m	1715
Mattias	m	30315
Mattis	m	909
Matts	m	1239
Matz	m	481
Maud	f	6707
Mauri	m	332
Maurice	m	166
Mauricio	m	426
Mauritz	m	514
Mauro	m	209
Max	m	16247
Maxim	m	476
Maxime	m	174
Maximiliam	m	199
Maximilian	m	3455
Maximillian	m	220
Maximus	m	495
Maxine	f	273
Maxwell	m	173
May	f	1354
Maya	f	4822
Mayar	m	194
Mazen	m	618
Mazin	m	210
Md	m	1361
Medina	f	983
Megan	f	215
Mehari	m	215
Mehdi	m	1198
Mehmed	m	274
Mehmet	m	1608
Mehran	m	268
Mehrdad	m	279
Meija	f	263
Meja	f	4066
Melanie	f	1705
Melek	f	364
Meliha	f	244
Melika	f	214
Melina	f	3134
Melinda	f	1581
Melisa	f	801
Melissa	f	4117
Melker	m	7197
Melody	f	561
Melvin	m	7571
Melwin	m	2429
Mensur	m	162
Meral	f	204
Mercedes	f	282
Mercy	f	172
Mergim	m	216
Merhawi	m	309
Merhawit	f	212
Meri	f	188
Meriam	f	195
Merima	f	276
Merit	f	175
Merita	f	298
Merja	f	794
Merna	f	209
Meron	m	260
Mert	m	292
Merve	f	299
Mervi	f	317
Meryem	f	651
Mesut	m	192
Metin	m	362
Mette	f	809
Meya	f	835
Mhd	m	1202
Mi	f	260
Mia	f	6437
Micael	m	2264
Micaela	f	1021
Michael	m	20747
Michaela	f	3881
Michail	m	248
Michal	m	1370
Michel	m	1550
Michele	m	193
Michell	m	166
Michelle	f	4234
Mickael	m	693
Micke	m	209
Miguel	m	1030
Mihaela	f	416
Mihai	m	364
Mihail	m	199
Mika	f	772
Mika	m	1473
Mikael	m	56026
Mikaela	f	7040
Mikail	m	365
Mike	m	749
Mikhail	m	281
Mikkel	m	178
Mikko	m	555
Mikolaj	m	225
Mila	f	2801
Milad	m	1036
Milan	m	1954
Milana	f	254
Mildred	f	452
Mile	m	204
Milea	f	271
Milena	f	899
Milia	f	421
Miliam	m	210
Milian	m	1307
Milica	f	589
Milio	m	186
Milka	f	357
Milla	f	1917
Mille	m	953
Millie	f	1083
Million	m	163
Milly	f	565
Milo	m	4197
Milorad	m	185
Milos	m	581
Milou	f	373
Milton	m	3921
Mimi	f	319
Mimmi	f	2839
Mimmie	f	202
Mimoza	f	225
Mina	f	1847
Mina	m	177
Mindaugas	m	252
Minea	f	289
Minelle	f	429
Minh	m	330
Minja	f	199
Minna	f	3551
Minnah	f	317
Minoo	f	231
Minou	f	588
Mio	f	196
Mio	m	2387
Miodrag	m	236
Mir	m	288
Mira	f	4207
Miral	f	226
Miran	m	540
Miranda	f	3045
Mirela	f	472
Mirella	f	342
Mirelle	f	189
Miriam	f	2600
Mirja	f	1019
Mirjam	f	1215
Mirjana	f	762
Mirko	m	360
Mirna	f	586
Miro	m	222
Miroslav	m	575
Miroslaw	m	429
Mirsad	m	620
Mirsada	f	378
Mirza	m	552
Mitra	f	427
Mladen	m	277
Moa	f	15806
Mohamad	m	7499
Mohamed	m	10264
Mohammad	m	13484
Mohammed	m	9000
Mohamud	m	423
Mohanad	m	399
Mohannad	m	213
Mohsen	m	764
Mojgan	f	188
Mojtaba	m	383
Mollie	f	1272
Molly	f	8988
Moltas	m	374
Momodou	m	164
Mona	f	14901
Mona-Lisa	f	576
Monia	f	348
Monica	f	24183
Monika	f	12194
Monique	f	279
Monir	m	207
Morad	m	216
Morgan	m	5558
Morris	m	868
Morten	m	495
Morteza	m	827
Moses	m	436
Mostafa	m	1188
Mouna	f	247
Mounir	m	211
Mousa	m	337
Moussa	m	225
Moustafa	m	371
Muhamad	m	169
Muhamed	m	631
Muhamet	m	165
Muhammad	m	4500
Muhammed	m	1027
Muhanad	m	165
Muharem	m	183
Mujtaba	m	183
Mukhtar	m	180
Muna	f	1158
Munir	m	316
Munira	f	393
Murad	m	375
Murat	m	683
Murtaza	m	208
Musa	m	720
Musab	m	254
Mussie	m	286
Mustafa	m	4904
Mustafe	m	200
Mustapha	m	300
My	f	6418
Myra	f	334
Myriam	f	200
Märit	f	531
Märta	f	7061
Märtha	f	675
Måns	m	4722
Mårten	m	3058
Nabil	m	990
Nabila	f	257
Nada	f	1574
Nader	m	592
Nadezda	f	183
Nadia	f	2875
Nadim	m	190
Nadin	f	270
Nadine	f	900
Nadir	m	178
Nadira	f	180
Nadja	f	2228
Naemi	f	426
Nafisa	f	204
Nagham	f	291
Nahid	f	377
Nahla	f	297
Nahom	m	355
Naila	f	184
Naim	m	400
Naima	f	1122
Najah	f	383
Najat	f	343
Najib	m	335
Najma	f	476
Najwa	f	235
Nancy	f	1632
Nanna	f	925
Nanny	f	265
Naod	m	226
Naomi	f	1377
Narges	f	427
Nariman	f	178
Narin	f	374
Naser	m	758
Nasim	m	179
Nasir	m	398
Nasra	f	391
Nasrin	f	701
Nasro	f	190
Nasser	m	350
Nasteho	f	217
Natali	f	515
Natalia	f	2794
Natalie	f	5175
Nataliia	f	282
Natalija	f	273
Nataliya	f	195
Natalja	f	209
Natan	m	386
Natanael	m	361
Natasa	f	450
Natasha	f	740
Nathalie	f	9413
Nathan	m	830
Nathanael	m	322
Nathaniel	m	483
Natnael	m	401
Navid	m	403
Nawal	f	694
Naya	f	649
Nazanin	f	363
Nazar	m	226
Nea	f	865
Neah	f	255
Nebojsa	m	267
Neda	f	487
Nedal	m	166
Nedim	m	240
Nedzad	m	242
Negar	f	180
Negin	f	186
Neha	f	181
Neil	m	329
Nejla	f	265
Nelia	f	366
Nell	f	196
Nella	f	259
Nelli	f	406
Nellie	f	7606
Nelly	f	3418
Nelson	m	645
Nemanja	m	280
Nemi	f	227
Nemo	m	378
Nenad	m	592
Neo	m	3597
Nermin	f	294
Nermin	m	399
Nermina	f	291
Nesrin	f	463
Ngoc	f	339
Ngoc	m	191
Nichlas	m	293
Nicholas	m	2087
Nick	m	672
Nicki	f	201
Nicklas	m	7187
Niclas	m	9806
Nico	m	485
Nicola	f	195
Nicola	m	215
Nicolae	m	301
Nicolai	m	351
Nicolas	m	2126
Nicole	f	5090
Nicoleta	f	171
Nicolina	f	670
Nidal	m	205
Niels	m	521
Nihad	m	301
Niilo	m	194
Niina	f	261
Nika	f	222
Nike	f	1387
Niki	f	433
Nikita	f	686
Nikita	m	284
Nikki	f	1170
Niklas	m	22418
Niko	m	297
Nikola	f	218
Nikola	m	1625
Nikolai	m	420
Nikolaj	m	439
Nikolaos	m	828
Nikolas	m	414
Nikolay	m	189
Nikolina	f	628
Nila	f	204
Nilas	m	262
Nilla	f	395
Nilo	m	351
Nils	m	34590
Nils Erik	m	474
Nils Olof	m	174
Nils-Erik	m	871
Nils-Gunnar	m	180
Nils-Göran	m	201
Nils-Olof	m	317
Nils-Åke	m	250
Nima	m	579
Nimco	f	190
Nimo	f	470
Nina	f	12323
Ninja	f	187
Ninna	f	225
Ninni	f	926
Ninnie	f	247
Nino	m	366
Ninos	m	316
Nisa	f	190
Nisreen	f	206
Nisse	m	217
Nizar	m	221
Noa	f	177
Noa	m	1543
Noah	m	11252
Noak	m	175
Noel	m	6582
Noelia	f	602
Noelle	f	909
Noemi	f	232
Nomi	f	292
Noomi	f	1659
Noor	f	1574
Noor	m	387
Noora	f	277
Nor	f	281
Nora	f	7944
Norah	f	606
Norbert	m	366
Nore	m	230
Norma	f	422
Norton	m	185
Nour	f	2095
Nour	m	477
Noura	f	493
Nova	f	7451
Novali	f	176
Novalie	f	1222
Nuha	f	182
Nur	f	176
Nura	f	284
Oday	m	185
Odd	m	713
Odin	m	325
Ofelia	f	655
Oksana	f	412
Ola	f	353
Ola	m	9779
Olaf	m	216
Olav	m	304
Olavi	m	338
Ole	m	843
Oleg	m	321
Oleksandr	m	275
Olena	f	379
Olga	f	3063
Oliver	m	18458
Olivera	f	212
Olivia	f	16144
Olivier	m	328
Oliwer	m	1900
Oliwia	f	561
Olle	m	14799
Olli	m	178
Olof	m	10647
Olov	m	2736
Omar	m	6448
Omer	m	601
Omid	m	837
Omran	m	248
Onur	m	201
Ophelia	f	440
Orhan	m	383
Orlando	m	218
Orvar	m	202
Osama	m	897
Oscar	m	23059
Oskar	m	18721
Osman	m	1514
Ossian	m	1851
Othilia	f	579
Othman	m	208
Otilia	f	261
Otis	m	1112
Ottilia	f	668
Otto	m	5580
Outi	f	178
Ove	m	7791
Owe	m	785
Owen	m	178
Ozzy	m	190
Paavo	m	274
Pablo	m	715
Palle	m	172
Paloma	f	181
Pamela	f	1115
Panagiotis	m	443
Paola	f	590
Paolo	m	292
Parisa	f	498
Parvin	f	315
Parviz	m	200
Pascal	m	463
Pasi	m	545
Patric	m	2472
Patricia	f	3529
Patricio	m	317
Patrick	m	4414
Patrik	m	27941
Patrycja	f	455
Patryk	m	616
Paul	m	6072
Paula	f	3722
Pauli	m	353
Paulina	f	3375
Pauline	f	1551
Paulo	m	299
Pavel	m	594
Pawel	m	1532
Peder	m	2886
Pedram	m	205
Pedro	m	733
Peggy	f	472
Pehr	m	384
Pekka	m	1143
Pelin	f	189
Pelle	m	2106
Penny	f	1261
Pentti	m	733
Per	m	54996
Per Anders	m	539
Per Arne	m	504
Per Erik	m	658
Per Ola	m	239
Per Olof	m	982
Per Olov	m	355
Per Åke	m	459
Per-Anders	m	1104
Per-Arne	m	1043
Per-Axel	m	177
Per-Eric	m	269
Per-Erik	m	2216
Per-Gunnar	m	320
Per-Göran	m	178
Per-Inge	m	305
Per-Johan	m	228
Per-Ola	m	977
Per-Olof	m	3209
Per-Olov	m	1037
Per-Ove	m	377
Per-Åke	m	1289
Percy	m	468
Perla	f	234
Pernilla	f	13118
Pernille	f	177
Perry	m	213
Pertti	m	534
Petar	m	621
Peter	m	61581
Pether	m	196
Petra	f	11058
Petri	m	1056
Petronella	f	730
Petros	m	299
Petrus	m	566
Petter	m	5401
Philip	m	12390
Philipp	m	210
Philippa	f	581
Philippe	m	410
Phillip	m	203
Phoenix	m	162
Phuong	f	190
Pia	f	16829
Pierre	m	4999
Pim	f	189
Piotr	m	1960
Pirjo	f	1319
Pirkko	f	881
Pixie	f	198
Polina	f	220
Polly	f	373
Pontus	m	13274
Poul	m	206
Predrag	m	334
Prince	m	238
Priscilla	f	197
Priyanka	f	183
Przemyslaw	m	456
Päivi	f	854
Pär	m	7834
Pål	m	556
Qais	m	175
Qamar	f	223
Qasim	m	199
Quang	m	242
Quoc	m	183
Raad	m	282
Rabia	f	385
Rachel	f	536
Rachid	m	254
Radmila	f	285
Radoslaw	m	317
Radwan	m	223
Raed	m	465
Rafael	m	1284
Rafal	m	903
Rafi	m	195
Raghad	f	467
Ragna	f	402
Ragnar	m	1970
Ragnhild	f	1777
Rahaf	f	636
Rahel	f	422
Rahim	m	301
Rahima	f	205
Rahma	f	681
Rahman	m	226
Rahul	m	221
Rahwa	f	271
Raija	f	1054
Raili	f	680
Raimo	m	855
Rainer	m	518
Rajaa	f	218
Rakel	f	786
Ralf	m	2214
Ralph	m	1076
Rama	f	803
Ramadan	m	417
Raman	m	237
Ramazan	m	418
Rami	m	1529
Ramin	m	502
Ramiz	m	288
Ramiza	f	178
Ramon	m	250
Ramona	f	872
Ramzi	m	216
Rana	f	1398
Rand	f	282
Randa	f	406
Randi	f	347
Rani	m	195
Rania	f	1054
Ranim	f	258
Ranya	f	207
Raoul	m	310
Raphael	m	321
Raquel	f	254
Rasha	f	874
Rashid	m	458
Rasim	m	228
Rasmus	m	16215
Raul	m	542
Rauni	f	171
Rauno	m	266
Rawan	f	666
Ray	m	207
Rayan	f	552
Rayan	m	1306
Raymond	m	895
Razan	f	434
Razia	f	204
Rebeca	f	226
Rebecca	f	10808
Rebecka	f	8146
Rebin	m	217
Reda	m	198
Reem	f	959
Regina	f	1354
Reham	f	257
Reidar	m	444
Reidun	f	260
Reijo	m	737
Reine	m	1077
Reinhold	m	218
Reino	m	493
Renata	f	829
Renate	f	517
Renato	m	215
Rene	m	218
René	f	196
René	m	456
Renée	f	1041
Reza	m	1843
Riad	m	312
Ricard	m	228
Ricardo	m	757
Richard	m	9146
Rick	m	186
Rickard	m	11297
Ricky	m	620
Ridwan	m	238
Rigmor	f	1638
Riham	f	259
Riitta	f	1029
Rikard	m	5126
Rim	f	618
Rima	f	928
Rimas	f	182
Rimon	m	170
Rina	f	267
Rio	m	490
Risto	m	584
Rita	f	3064
Ritva	f	1528
River	m	203
Robbin	m	357
Robel	m	448
Robert	m	27214
Roberta	f	189
Roberth	m	611
Roberto	m	1085
Robin	f	227
Robin	m	22652
Rodi	m	179
Rodrigo	m	617
Roger	m	18357
Rohan	m	167
Roine	m	784
Rojin	f	197
Rola	f	218
Roland	m	9626
Rolf	m	21539
Roman	m	999
Romeo	m	498
Romina	f	265
Ronak	f	174
Ronald	m	911
Roni	m	387
Ronja	f	5679
Ronnie	m	2371
Ronny	m	6383
Ronya	f	282
Ros-Mari	f	390
Ros-Marie	f	832
Rosa	f	1513
Rosalie	f	269
Rosanna	f	510
Rose	f	894
Rose-Mari	f	238
Rose-Marie	f	5037
Rosemarie	f	367
Rosie	f	306
Rosita	f	1135
Rosmari	f	181
Rosmarie	f	294
Roula	f	255
Roxana	f	401
Roxanna	f	176
Roy	m	2278
Roya	f	465
Royne	m	277
Roza	f	461
Ruba	f	248
Ruben	m	2688
Ruby	f	291
Rudolf	m	419
Rufus	m	436
Runa	f	612
Runar	m	190
Rune	m	5930
Runo	m	209
Ruslan	m	264
Rut	f	6514
Ruta	f	283
Rutger	m	226
Ruth	f	4297
Ruzica	f	180
Ryan	m	949
Ryszard	m	357
Saad	m	873
Saara	f	295
Saba	f	695
Sabah	f	540
Sabah	m	334
Saber	m	166
Sabiha	f	270
Sabina	f	4544
Sabine	f	966
Sabirin	f	197
Sabri	m	338
Sabrin	f	461
Sabrina	f	950
Sadaf	f	256
Sadia	f	504
Sadik	m	259
Saeed	m	541
Saeid	m	260
Safa	f	660
Safaa	f	403
Safet	m	313
Safia	f	508
Safiya	f	285
Safwan	m	175
Saga	f	12664
Sagal	f	241
Sahar	f	1186
Sahra	f	860
Sahro	f	194
Sai	m	180
Said	m	2143
Saida	f	475
Saif	m	595
Saima	f	252
Saja	f	218
Sajad	m	289
Sajjad	m	254
Sakari	m	171
Sakarias	m	326
Sakariye	m	187
Sakina	f	239
Salah	m	899
Salam	f	311
Salam	m	407
Salar	m	292
Saleh	m	767
Salem	m	411
Sali	f	218
Salih	m	436
Salim	m	701
Sally	f	3458
Salma	f	1513
Salman	m	656
Salomon	m	198
Salwa	f	535
Sam	f	250
Sam	m	7005
Sama	f	405
Samah	f	364
Saman	m	603
Samanta	f	201
Samantha	f	811
Samar	f	763
Sameer	m	215
Samer	m	1197
Sami	m	2920
Samia	f	577
Samir	m	2694
Samira	f	2506
Sammy	m	583
Samra	f	203
Samrawit	f	229
Samsam	f	207
Samson	m	270
Samuel	m	13123
Sana	f	909
Sanaa	f	529
Sanaz	f	222
Sander	m	690
Sandor	m	354
Sandra	f	25042
Sandro	m	335
Sandy	f	520
Sanel	m	230
Sanela	f	634
Sanja	f	793
Sanna	f	8941
Sanne	f	745
Santiago	m	342
Santino	m	178
Sara	f	45140
Sarah	f	7000
Sardar	m	186
Sargon	m	245
Sari	f	1203
Sarina	f	192
Sarmad	m	261
Saron	f	249
Sasa	m	586
Sasha	f	219
Sasha	m	223
Saskia	f	193
Satu	f	590
Savannah	f	559
Sawsan	f	442
Sayed	m	633
Scott	m	558
Sead	m	440
Sean	m	720
Sebastian	m	22348
Sedra	f	377
Seham	f	214
Seif	m	188
Seija	f	1125
Selam	f	369
Selamawit	f	260
Selena	f	267
Selim	m	352
Selin	f	550
Selina	f	605
Selma	f	9652
Sema	f	199
Semere	m	168
Semhar	f	349
Semir	m	356
Semira	f	259
Semra	f	178
Senad	m	641
Senada	f	444
Senait	f	482
Sepideh	f	195
Seppo	m	914
Serdar	m	249
Serena	f	197
Sergei	m	230
Sergej	m	202
Sergey	m	237
Sergio	m	607
Serhat	m	187
Serkan	m	243
Set	m	265
Seth	m	1112
Sevda	f	174
Sevim	f	200
Seyed	m	723
Shabnam	f	264
Shadi	f	173
Shadi	m	444
Shahab	m	162
Shahad	f	372
Shahd	f	372
Shahed	f	322
Shahin	m	311
Shahla	f	381
Shahnaz	f	290
Shahram	m	254
Shaima	f	199
Shaimaa	f	171
Sham	f	809
Shams	f	279
Sharif	m	218
Sharon	f	331
Shayan	m	255
Shaymaa	f	217
Sheila	f	294
Sherin	f	268
Shilan	f	286
Shima	f	204
Shirin	f	789
Shirley	f	184
Shiva	f	178
Shqipe	f	171
Shukri	f	532
Shwan	m	163
Sia	f	207
Siamak	m	162
Sibel	f	394
Sid	m	257
Sidra	f	712
Sienna	f	251
Sigbritt	f	650
Sigge	m	3832
Signe	f	9595
Signhild	f	239
Sigrid	f	6652
Sigurd	m	466
Sigvard	m	946
Siham	f	785
Sila	f	216
Silas	m	529
Silja	f	208
Silje	f	417
Silva	f	484
Silvana	f	502
Silvia	f	1188
Sima	f	485
Simeon	m	228
Simo	m	230
Simon	m	31091
Simona	f	768
Simone	f	1602
Sina	m	297
Sinan	m	421
Sinikka	f	629
Sinisa	m	241
Siri	f	5926
Sirin	f	181
Sirkka	f	738
Sirpa	f	1027
Sisko	f	260
Sissel	f	211
Siv	f	18072
Siv-Britt	f	196
Sivert	m	577
Siw	f	653
Sixten	m	6481
Sladjana	f	191
Slavica	f	471
Slavko	m	183
Slawomir	m	532
Slobodan	m	392
Smilla	f	1474
Snezana	f	465
Snjezana	f	183
Sofi	f	1406
Sofia	f	31698
Sofie	f	13193
Sofija	f	326
Soheil	m	190
Soheila	f	272
Soile	f	226
Sol	f	297
Sol-Britt	f	365
Solbritt	f	582
Solin	f	210
Solomon	m	446
Solveig	f	7757
Solvig	f	1024
Solweig	f	286
Songül	f	178
Sonia	f	1468
Sonja	f	10693
Sonny	m	1835
Sonya	f	292
Sophia	f	3108
Sophie	f	3832
Soran	m	241
Soraya	f	311
Sorin	m	171
Souad	f	430
Staffan	m	6788
Stanislav	m	262
Stanislaw	m	426
Stanley	m	298
Stavros	m	192
Steen	m	170
Stefan	m	43660
Stefania	f	258
Stefanie	f	498
Stefano	m	290
Stefanos	m	186
Steffen	m	200
Stella	f	9405
Stellan	m	1925
Sten	m	8322
Sten Åke	m	170
Sten-Åke	m	343
Stephan	m	1009
Stephanie	f	2336
Stephen	m	754
Stevan	m	168
Steve	m	809
Steven	m	870
Stig	m	18653
Stina	f	12134
Stuart	m	180
Sture	m	3743
Stéphanie	f	233
Suad	f	481
Suad	m	230
Suada	f	287
Suha	f	236
Sulaiman	m	277
Suleiman	m	239
Suleyman	m	168
Sultan	f	186
Sultan	m	361
Sumaya	f	590
Sundus	f	424
Sune	m	4230
Susan	f	1850
Susana	f	327
Susann	f	2170
Susanna	f	6453
Susanne	f	30219
Suzan	f	694
Suzana	f	795
Suzanna	f	226
Suzanne	f	1901
Svante	m	5122
Svea	f	4576
Svein	m	189
Sven	m	28509
Sven Erik	m	1030
Sven Olof	m	551
Sven Olov	m	209
Sven Åke	m	498
Sven-Arne	m	198
Sven-Eric	m	210
Sven-Erik	m	2177
Sven-Gunnar	m	178
Sven-Göran	m	162
Sven-Inge	m	180
Sven-Olof	m	1213
Sven-Olov	m	450
Sven-Ove	m	234
Sven-Åke	m	986
Svend	m	163
Sverker	m	722
Sverre	m	251
Svetlana	f	1215
Svitlana	f	218
Syed	m	662
Syeda	f	217
Sylve	m	199
Sylvester	m	169
Sylvi	f	264
Sylvia	f	2939
Sylwester	m	194
Sylwia	f	663
Synnöve	f	422
Szymon	m	397
Sölve	m	273
Sören	m	5924
Süleyman	m	240
Tadeusz	m	305
Tage	m	5271
Taha	m	620
Taher	m	225
Tahereh	f	202
Tahir	m	312
Taim	m	575
Taina	f	383
Taisto	m	224
Tala	f	458
Talal	m	289
Talia	f	427
Tamara	f	1108
Tamas	m	187
Tamer	m	202
Tania	f	600
Tanja	f	2129
Tanya	f	453
Tapani	m	237
Tapio	m	383
Tara	f	1080
Tarek	m	840
Tareq	m	243
Tarik	m	568
Tariq	m	223
Tarja	f	1199
Tarmo	m	193
Tasnim	f	391
Tatiana	f	1173
Tatjana	f	678
Tauno	m	188
Tea	f	1468
Ted	m	4463
Teddy	m	633
Tedros	m	210
Teija	f	322
Tekla	f	316
Telma	f	177
Temesgen	m	202
Teo	m	1507
Teodor	m	2151
Teodora	f	468
Teres	f	177
Teresa	f	1772
Terese	f	1780
Teresia	f	701
Tereza	f	172
Terje	m	486
Tero	m	229
Terttu	f	622
Terése	f	351
Tess	f	745
Tetiana	f	273
Teuta	f	176
Teuvo	m	230
Texas	m	472
Thaer	m	173
Thanh	m	354
Thea	f	6320
Thelma	f	782
Theo	m	9453
Theodor	m	6480
Theodora	f	390
Theodore	m	1288
Theodoros	m	231
Theres	f	796
Theresa	f	723
Therese	f	14929
Theresia	f	568
Theresé	f	366
Therés	f	193
Therése	f	4220
Thi	f	3717
Thiago	m	279
Thilda	f	679
Thilde	f	770
Thim	m	279
Thindra	f	269
Thobias	m	364
Thom	m	359
Thomas	m	37703
Thommy	m	707
Thony	m	174
Thor	m	1686
Thorbjörn	m	926
Thord	m	681
Thore	m	514
Thorsten	m	247
Thu	f	171
Thure	m	363
Thuy	f	230
Thyra	f	745
Thérese	f	373
Thérése	f	389
Tiago	m	178
Tiam	m	196
Tibor	m	331
Tiffany	f	456
Tiina	f	876
Tijana	f	197
Tilda	f	6784
Tilde	f	6337
Tilia	f	245
Tilly	f	414
Tim	m	8723
Timmie	m	279
Timmy	m	1478
Timo	m	1459
Timothy	m	1267
Timur	m	231
Tina	f	7114
Tindra	f	5007
Tine	f	172
Tino	m	238
Tintin	f	439
Tintin	m	218
Titti	f	765
Titus	m	165
Tobias	m	21791
Todd	m	288
Toini	f	205
Toivo	m	317
Tom	m	6133
Tomas	m	21015
Tomasz	m	1725
Tomi	m	284
Tomislav	m	383
Tommi	m	581
Tommie	m	964
Tommy	m	24347
Tone	f	458
Toni	m	1442
Tonny	m	701
Tony	m	9607
Tor	m	2668
Tor-Björn	m	182
Tora	f	1331
Torben	m	327
Torbjörn	m	11059
Torborg	f	207
Tord	m	4542
Tore	m	4722
Torgny	m	1709
Torkel	m	397
Torleif	m	210
Torsten	m	3248
Torun	f	251
Torvald	m	227
Totte	m	234
Tova	f	2930
Tove	f	6649
Towa	f	269
Towe	f	468
Trine	f	212
Tristan	m	1387
Trond	m	181
Troy	m	423
Truls	m	782
Tryggve	m	254
Tua	f	292
Tuan	m	193
Tuija	f	475
Tuomo	m	183
Ture	m	3096
Turid	f	325
Tuula	f	1487
Tuva	f	6823
Tuva-Li	f	262
Tuwa	f	226
Tyler	m	184
Tyr	m	248
Tyra	f	6277
Ubah	f	277
Ulf	m	30685
Ulla	f	28872
Ulla Britt	f	303
Ulla-Britt	f	4730
Ulla-Britta	f	311
Ulla-Karin	f	337
Ulrica	f	2252
Ulrich	m	184
Ulrik	m	1120
Ulrika	f	19055
Ulrike	f	206
Uma	f	321
Umar	m	247
Una	f	262
Unni	f	588
Uno	m	1886
Urban	m	5293
Ursula	f	778
Urszula	f	378
Usman	m	203
Uwe	m	240
Vahid	m	316
Valborg	f	536
Valdemar	m	1460
Valencia	f	200
Valentin	m	1181
Valentina	f	2194
Valentino	m	424
Valeria	f	675
Valerie	f	299
Valle	m	278
Valon	m	231
Valter	m	4365
Van	m	1233
Vanda	f	201
Vanessa	f	3307
Vanja	f	2664
Vanna	f	179
Vasile	m	329
Vasileios	m	230
Vasiliki	f	273
Vasilios	m	170
Vega	f	1284
Veijo	m	249
Veikko	m	436
Veine	m	262
Veli	m	219
Vendela	f	2448
Venkata	m	200
Vera	f	10598
Verica	f	189
Verner	m	311
Veronica	f	9136
Veronika	f	2186
Vesa	m	390
Vesna	f	852
Vian	f	312
Vibeke	f	318
Vicky	f	216
Victor	m	14776
Victoria	f	8480
Vida	f	736
Vidar	m	4629
Vide	m	1979
Viggo	m	7203
Viking	m	584
Viktor	m	19730
Viktoria	f	5445
Viktoriia	f	189
Viktorija	f	334
Vilda	f	1264
Vilde	m	404
Vilgot	m	3139
Vilhelm	m	2310
Vilhelmina	f	186
Vilja	f	847
Ville	m	3157
Villemo	f	222
Villiam	m	364
Villy	m	423
Vilma	f	4445
Vilmer	m	2616
Vilton	m	198
Vince	m	659
Vincent	m	10508
Viola	f	3415
Violet	f	242
Violeta	f	567
Violetta	f	237
Vira	f	244
Virginia	f	338
Virpi	f	280
Vivan	f	703
Viveca	f	1009
Viveka	f	1366
Vivi	f	933
Vivi-Ann	f	697
Vivi-Anne	f	408
Vivian	f	796
Viviana	f	200
Viviann	f	422
Vivianne	f	1001
Vladimir	m	1129
Vladislav	m	181
Vlora	f	211
Volodymyr	m	184
Vuokko	f	235
Väinö	m	187
Wael	m	643
Wafa	f	275
Wafaa	f	637
Wahid	m	170
Walaa	f	389
Waldemar	m	732
Waleed	m	341
Walid	m	1080
Walter	m	3866
Walther	m	212
Wanda	f	380
Wanja	f	248
Ward	m	213
Warda	f	235
Waseem	m	197
Wasim	m	316
Wei	m	200
Weine	m	187
Wenche	f	333
Wendela	f	341
Wendy	f	285
Wera	f	646
Werner	m	382
Weronica	f	372
Weronika	f	365
Wesam	m	272
Wictor	m	532
Wictoria	f	217
Widad	f	180
Widar	m	170
Wieslaw	m	275
Wiggo	m	904
Wiktor	m	804
Wiktoria	f	622
Wilda	f	1194
Wilde	m	193
Wilfred	m	174
Wilgot	m	664
Wilhelm	m	3716
Wilhelmina	f	255
Wilja	f	409
Wille	m	2080
Willem	m	205
William	m	28580
Willy	m	1062
Wilma	f	13797
Wilmer	m	4078
Wilson	m	220
Wilton	m	761
Wincent	m	443
Winnie	f	190
Winston	m	784
Winta	f	173
Wioletta	f	240
Wisam	m	476
Wissam	m	303
Wiveca	f	192
Wojciech	m	832
Wolfgang	m	529
Xander	m	230
Xavier	m	175
Yacoub	m	277
Yahia	m	234
Yahya	m	1019
Yahye	m	331
Yakob	m	189
Yakup	m	192
Yaman	m	245
Yamen	m	340
Yan	f	217
Yana	f	179
Yara	f	901
Yasemin	f	388
Yaser	m	532
Yasin	m	1186
Yasir	m	496
Yasmin	f	2061
Yasmina	f	263
Yasmine	f	921
Yasser	m	429
Yassin	m	533
Yazan	m	749
Ying	f	279
Ylva	f	7600
Yngve	m	2339
Yodit	f	241
Yoel	m	178
Yohannes	m	391
Yolanda	f	188
Yonas	m	603
Yonatan	m	258
Yones	m	164
Yonis	m	279
Yordanos	f	414
Yosef	m	927
Younes	m	606
Younis	m	169
Yousef	m	2075
Yousif	m	731
Youssef	m	1407
Yousuf	m	258
Yrsa	f	255
Yulia	f	209
Yunus	m	369
Yusra	f	530
Yusuf	m	1903
Yvette	f	434
Yvonne	f	15286
Zacharias	m	908
Zack	m	672
Zackarias	m	707
Zaher	m	252
Zahra	f	3489
Zahraa	f	674
Zaid	m	781
Zain	m	522
Zainab	f	1769
Zakaria	m	1307
Zakarias	m	435
Zakariya	m	289
Zakariye	m	189
Zaki	m	246
Zakia	f	240
Zamzam	f	206
Zana	m	225
Zander	m	222
Zandra	f	1176
Zanna	f	255
Zara	f	1093
Zarah	f	307
Zaynab	f	233
Zbigniew	m	560
Zeb	m	358
Zebastian	m	592
Zehra	f	314
Zein	m	214
Zeina	f	240
Zeinab	f	1108
Zeke	m	267
Zeki	m	174
Zelda	f	731
Zeljko	m	505
Zena	f	231
Zeynab	f	220
Zeynep	f	579
Ziad	m	642
Zina	f	442
Zion	m	436
Zlata	f	180
Zlatan	m	221
Zlatko	m	332
Zoe	f	999
Zoey	f	528
Zofia	f	570
Zohreh	f	233
Zoltan	m	400
Zoran	m	1172
Zorica	f	327
Zsolt	m	204
Zsuzsanna	f	241
Zuzanna	f	395
Ängla	f	243
Åke	m	12612
Åsa	f	26859
Åse	f	1910
Ömer	m	576
Örjan	m	2995
Östen	m	757
Özgür	m	166
Özlem	f	245
