name	municipality	population	lat	lon
Abbekås	1264	841	55.4000	13.6000
Adak	2418	200	65.3500	18.6167
Agnesberg	1480	200	57.7833	12.0000
Agunnaryd	0781	200	56.7500	14.1500
Alafors	1440	200	57.9258	12.0784
Alby	2260	272	62.5000	15.4667
Alfta	2121	2418	61.3468	16.0750
Alingsås	1489	27895	57.9303	12.5334
Almunge	0380	946	59.8833	18.0500
Alnö	2281	200	62.4489	17.4047
Alsterbro	0881	419	56.9500	15.9167
Alstermo	0760	845	56.9667	15.6333
Altersbruk	2581	200	65.4833	21.4000
Alunda	0382	2677	60.0667	18.0833
Alvesta	0764	9172	56.8994	14.5556
Alvhem	1440	402	58.0000	12.1500
Ambjörby	1737	200	60.5000	13.1667
Ambjörnarp	1452	303	57.4167	13.2833
Anderslöv	1287	2023	55.4333	13.3333
Anderstorp	0662	5026	57.2833	13.6333
Aneby	0604	3653	57.8389	14.8102
Angered	1480	1528	57.7833	12.1000
Ankarsrum	0883	1207	57.7000	16.3167
Ankarsvik	2281	200	62.3703	17.4117
Anneberg	0682	863	57.7167	14.8000
Annerstad	0781	200	56.7667	13.7167
Aplared	1490	431	57.6500	13.0667
Arboga	1984	10906	59.3939	15.8388
Arbrå	2183	1992	61.4667	16.3833
Arholma	0188	200	59.8500	19.1000
Arild	1284	757	56.2750	12.5750
Arjeplog	2506	1626	66.0517	17.8861
Arkelstorp	1290	792	56.1667	14.2667
Arlöv	1231	200	55.6325	13.0714
Arnemark	2581	200	65.4833	21.2000
Arnäsvall	2284	200	63.3167	18.7833
Arvidsjaur	2505	4448	65.5903	19.1668
Arvika	1784	14186	59.6553	12.5852
Asarum	1082	200	56.2000	14.8333
Askersund	1882	4271	58.8799	14.9023
Askim	1480	200	57.6158	11.9456
Asmundtorp	1282	1679	55.8833	12.9333
Asperöd	1265	200	55.5833	13.6667
Aspås	2309	524	63.3667	14.5000
Avesta	2084	16055	60.1454	16.1679
Axmar	2182	200	61.0000	17.1167
Axvall	1495	1121	58.3833	13.5667
Backaryd	1081	347	56.3333	15.1833
Backe	2313	475	63.8167	16.4000
Bagarmossen	0180	200	59.2591	18.1167
Ballingslöv	1293	357	56.2167	13.8500
Bandhagen	0180	200	59.2968	18.0313
Bankeryd	0680	8997	57.8500	14.1167
Bara	1263	4656	55.5833	13.2000
Barnens Ö	0188	200	59.9633	18.8800
Barsebäck	1261	987	55.7667	12.9500
Bastuträsk	2417	329	65.0000	17.6833
Beddingestrand	1287	1644	55.5333	13.4333
Bengtsfors	1460	3102	59.0291	12.2321
Berga	0821	655	57.2167	16.0333
Bergby	2180	1503	60.9500	17.0333
Bergeforsen	2281	200	62.5333	17.3833
Berghem	1463	350	57.4667	12.5833
Bergkvara	0834	1129	56.3906	16.0727
Bergsjö	2132	1335	61.9825	17.0637
Bergvik	2182	663	61.2667	16.8500
Bettna	0482	366	58.9000	16.6333
Billdal	1480	200	57.5667	11.9333
Billeberga	1214	1053	55.8833	13.0000
Billesholm	1260	200	56.0500	13.0000
Billinge	1285	449	55.9667	13.3500
Billingsfors	1460	954	58.9833	12.2500
Bispgården	2303	200	63.0333	16.6167
Bjurholm	2403	984	63.9303	19.2137
Bjursås	2080	2141	60.7333	15.4333
Bjuråker	2184	200	61.8667	16.5667
Bjuv	1260	11209	56.0837	12.9191
Bjärnum	1293	2762	56.2833	13.7000
Bjärred	1262	9816	55.7167	13.0167
Bjästa	2284	1805	63.2000	18.5000
Björbo	2026	674	60.4500	14.7000
Björketorp	1463	563	57.4167	12.5167
Björkliden	2584	200	68.3667	18.6333
Björklinge	0380	3418	60.0333	17.5500
Björksele	2481	200	64.9833	18.5000
Björkvik	0483	407	58.8333	16.5167
Björkö	1407	1447	59.7500	19.0000
Björköby	0685	324	57.5167	14.9167
Björna	2284	345	63.5667	18.5500
Björneborg	1781	1045	59.2500	14.2500
Björnlunda	0461	853	59.0667	17.1500
Blackstad	0884	200	57.7833	16.1833
Blattnicksele	2422	200	65.3333	17.5833
Bleket	1419	200	57.9500	11.5667
Blentarp	1265	1535	55.5833	13.6000
Blidsberg	1491	536	57.9333	13.4833
Blomstermåla	0861	2249	56.9833	16.3333
Blåsmark	2581	285	65.2667	21.2833
Blåviksjön	2481	200	64.6396	18.7155
Bockara	0882	334	57.0833	15.7333
Boda Glasbruk	0881	200	56.7333	15.6667
Boda Kyrkby	2031	200	60.8939	15.0926
Bodafors	0682	1902	57.5000	14.7000
Boden	2582	16644	65.8252	21.6886
Bograngen	1737	200	60.7556	12.8333
Bohus	1440	200	57.8500	12.0167
Bohus-Björkö	1407	200	57.7073	11.6449
Bohus-Malmön	1427	200	58.4268	11.2813
Boliden	2482	1614	64.8667	20.3833
Bollebygd	1443	4670	57.6687	12.5727
Bollnäs	2183	13918	61.3482	16.3946
Bollstabruk	2282	1659	63.0000	17.6833
Bor	0683	1277	57.1167	14.1667
Borensberg	0583	3119	58.5667	15.2833
Borghamn	0584	200	58.3833	14.6833
Borgholm	0885	4280	56.8793	16.6563
Borgstena	1490	434	57.8833	13.0167
Borlänge	2081	44299	60.4858	15.4371
Borrby	1291	840	55.4500	14.1667
Borås	1490	75565	57.7210	12.9401
Botsmark	2480	212	64.2500	20.2667
Bottnaryd	0680	816	57.7667	13.8167
Bovallstrand	1427	456	58.4833	11.3167
Boxholm	0560	3391	58.1972	15.0538
Brandstorp	0643	200	58.1000	14.1833
Brantevik	1291	333	55.5167	14.3500
Brastad	1484	1947	58.3833	11.4833
Braås	0780	1633	57.0667	15.0500
Bredared	1490	355	57.8000	12.8833
Bredaryd	0683	1497	57.1667	13.7333
Bredbyn	2284	1169	63.4465	18.1102
Bro	0139	9440	59.5167	17.6333
Broakulla	0862	200	56.7000	15.5167
Broaryd	0662	275	57.1167	13.2500
Broby	1256	3373	56.2552	14.0780
Broddetorp	1499	200	58.3000	13.6000
Brokind	0580	583	57.6333	16.3000
Bromma	0180	200	59.3500	17.9167
Bromölla	1272	7905	56.0755	14.4696
Brottby	0115	213	59.5632	18.2403
Bruksvallarna	2361	200	62.6371	12.4444
Brunflo	2380	200	63.0759	14.8320
Brunskog	1784	200	59.6248	12.6222
Bruzaholm	0686	246	57.6333	15.2667
Bräcke	2305	1477	62.7507	15.4219
Bräkne-Hoby	1081	1704	56.2333	15.1167
Brämhult	1490	200	57.7333	13.0167
Brålanda	1487	1461	58.5667	12.3667
Brösarp	1270	721	55.7167	14.1167
Bua	1383	2009	57.2250	12.2167
Bullmark	2480	313	64.0333	20.4667
Bunkeflostrand	1280	15488	55.5333	12.9500
Burgsvik	0980	322	57.0500	18.2667
Burseryd	0662	899	57.2000	13.2833
Burträsk	2482	1616	64.5167	20.6500
By Kyrkby	2084	200	60.1831	16.2313
Bygdeå	2409	479	64.0667	20.8500
Bygdsiljum	2482	291	64.3492	20.5041
Byske	2482	1741	65.3000	20.6333
Byxelkrok	0885	200	57.3333	17.0000
Bäckefors	1460	632	58.8000	12.1667
Bälinge	0380	2449	59.9500	17.5333
Bålsta	0305	16205	59.5671	17.5278
Båstad	1278	7073	56.4269	12.8534
Båtskärsnäs	2514	200	65.7833	23.4167
Charlottenberg	1730	2503	59.8842	12.3040
Dala-Floda	2026	200	60.4833	14.7833
Dala-Husby	2083	200	60.3799	16.0009
Dala-Järna	2021	200	60.5500	14.3500
Dalarö	0136	1885	59.1331	18.4064
Dalby	1281	6969	55.6667	13.3333
Dalhem	0980	200	57.4966	18.3730
Dals Långed	1460	1337	58.9167	12.3000
Dals Rostock	1461	775	58.7167	12.3500
Dalsjöfors	1490	3915	57.7167	13.0833
Dalskog	1461	200	58.7500	12.2833
Dalstorp	1452	719	57.6167	13.5000
Dalum	1491	642	57.8985	13.4646
Danderyd	0162	32425	59.3987	18.0294
Dannike	1490	425	57.6833	13.2167
Degeberga	1290	1350	55.8333	14.0833
Degerfors	1862	7047	59.2380	14.4308
Degerhamn	0840	289	56.3500	16.4000
Deje	1763	2717	59.6000	13.4667
Delsbo	2184	2206	61.8010	16.5557
Dikanäs	2421	200	64.5917	17.6229
Dingle	1430	910	58.5333	11.5667
Diö	0765	200	56.6333	14.2167
Djura	2029	382	60.6167	15.0000
Djurhamn	0120	200	59.3000	18.6833
Djurmo	2026	200	60.5500	14.1833
Djursholm	0162	200	59.3993	18.0562
Docksta	2282	379	63.0500	18.3333
Domsjö	2284	200	63.2500	18.7167
Dorotea	2425	1208	64.3085	16.3122
Drottningholm	0125	320	59.3251	17.8878
Drottningskär	1080	479	56.1167	15.5667
Duved	2321	200	63.4000	12.8667
Dvärsätt	2309	784	63.3167	14.4667
Dyltabruk	1880	200	59.3833	15.2333
Dyrön	1419	200	57.9333	11.6167
Dösjebro	1261	902	55.8167	13.0167
Ed	1438	2901	58.9125	11.9253
Edane	1784	672	59.6333	12.8000
Edsbro	0188	574	59.9000	18.4833
Edsbruk	0883	281	58.0333	16.4667
Edsbyn	2121	4244	61.3769	15.8175
Edsele	2283	200	63.4167	16.5333
Edsvalla	1780	701	59.4333	13.1833
Ekeby	1260	3344	56.0000	12.9667
Ekenässjön	0685	1615	57.5000	15.0000
Ekerö	0125	12270	59.2910	17.8121
Eket	1257	450	56.2500	13.1833
Ekshärad	1783	955	60.1728	13.4965
Eksjö	0686	11077	57.6664	14.9720
Eldsberga	1380	752	56.6497	12.9045
Ellös	1421	1204	58.1833	11.4667
Emmaboda	0862	4788	56.6327	15.5365
Enebyberg	0162	200	59.4333	18.0500
Eneryda	0765	305	56.7000	14.3333
Enköping	0381	26353	59.6361	17.0777
Enskede	0180	200	59.2833	18.0667
Enstaberga	0480	439	58.7500	16.8500
Enviken	2121	200	60.8000	15.7833
Enånger	2184	593	61.5456	17.0106
Eriksmåla	0862	200	56.7333	15.4667
Eringsboda	1081	288	56.4333	15.3500
Ersmark	2482	805	64.8500	20.8833
Ervalla	1880	200	59.4167	15.2333
Eskilstuna	0484	70646	59.3666	16.5077
Eslöv	1285	20422	55.8393	13.3039
Everöd	1290	906	55.9000	14.1000
Fagersanna	1472	723	58.4667	14.3000
Fagersta	1982	11771	60.0042	15.7932
Fagervik	2262	200	62.5036	17.4053
Fagerås	1715	449	59.5333	13.2000
Falkenberg	1382	29671	56.9055	12.4912
Falköping	1499	17924	58.1735	13.5507
Falsterbo	1233	200	55.3833	12.8333
Falun	2080	39939	60.6036	15.6260
Farsta	0180	200	59.2500	18.0833
Fegen	1382	240	57.1000	13.0333
Fellingsbro	1885	1374	59.4018	15.7877
Fengersfors	1492	336	58.9833	12.4667
Figeholm	0882	784	57.3667	16.5500
Filipstad	1782	5970	59.7124	14.1683
Finja	1293	514	56.1667	13.6833
Finnerödja	1860	517	58.9333	14.4333
Finspång	0562	13186	58.7058	15.7674
Fiskebäckskil	1484	252	58.2500	11.4667
Fjugesta	1814	2381	59.1737	14.8723
Fjälkinge	1290	1872	56.0500	14.2833
Fjällbacka	1435	816	58.6000	11.2833
Fjärdhundra	0381	935	59.7833	16.9333
Fjärås	1463	200	57.4591	12.1751
Flarken	2409	200	64.3000	20.8667
Flen	0482	6266	59.0583	16.5878
Flisby	0682	215	57.7833	14.8000
Fliseryd	0861	710	57.1333	16.2667
Floby	1499	1548	58.1333	13.3333
Floda	1441	200	57.8000	12.3667
Flyinge	1285	1055	55.7500	13.3500
Fors	2084	753	60.2167	16.3000
Forsa	2184	200	61.7500	16.8667
Forsbacka	2180	1697	60.6167	16.8833
Forserum	0682	2153	57.7000	14.4667
Forshaga	1763	6433	59.5254	13.4813
Forsheda	0683	1431	57.1500	13.8167
Forsvik	1446	323	58.5833	14.4333
Fotskäl	1463	215	57.4667	12.4833
Fotö	1407	614	57.6782	11.6540
Fredrika	2463	200	64.0833	18.4000
Fredriksdal	0682	296	57.6167	14.6000
Frillesås	1384	3773	57.3167	12.1667
Frinnaryd	0604	220	57.9333	14.8167
Fristad	1490	6189	57.8167	13.0167
Fritsla	1463	2346	57.5500	12.7833
Frufällan	1490	200	57.7833	12.9667
Frändefors	1487	605	58.5000	12.2833
Fränsta	2260	200	62.5000	16.1500
Fröseke	0881	200	57.1500	15.3500
Frösön	2380	200	63.1833	14.5333
Frövi	1885	2533	59.4667	15.3667
Funäsdalen	2361	1064	62.5333	12.5500
Furuby	0780	416	56.8500	15.0333
Furulund	1261	4633	55.7667	13.1000
Furuvik	2180	749	60.6500	17.3333
Fällfors	2482	200	65.1333	20.7667
Färentuna	0125	200	59.3611	17.7222
Färgelanda	1439	1938	58.5682	11.9923
Färila	2161	1324	61.8000	15.8500
Färjestaden	0840	6674	56.6500	16.4500
Färlöv	1290	1630	56.0667	14.0833
Färnäs	2062	200	61.0000	14.6333
Fågelfors	0821	368	57.2000	15.8333
Fågelmara	1080	366	56.2500	15.9500
Fåker	2380	200	62.9833	14.5833
Fårbo	0882	474	57.3833	16.4833
Fårösund	0980	883	57.8667	19.0500
Föllinge	2309	421	63.6667	14.6167
Förslöv	1278	2484	56.3500	12.8167
Gagnef	2026	1257	60.4977	14.8201
Gamleby	0883	2759	57.9000	16.4000
Gammelstad	2580	200	65.6333	22.0167
Gargnäs	2422	200	65.3167	17.9333
Garpenberg	2083	479	60.3167	16.2000
Garphyttan	1880	1602	59.3043	14.9462
Garsås	2062	200	60.9167	14.8333
Gemla	0780	1081	56.8740	14.7505
Genarp	1281	3180	55.6000	13.3833
Genevad	1381	684	56.5667	13.0167
Getinge	1380	2063	56.7029	12.8321
Gideå	2284	275	63.4833	18.9667
Gimo	0382	2811	60.1833	18.1833
Gislaved	0662	10029	57.3044	13.5408
Glanshammar	1880	784	59.3167	15.4000
Glava	1784	200	59.5500	12.5500
Glemmingbro	1286	200	55.4333	14.1167
Glemmingebro	1286	421	55.4500	14.0167
Glimåkra	1256	1484	56.3000	14.1333
Glommen	1382	1329	56.9333	12.3500
Glumslöv	1282	2243	55.9500	12.8167
Gnarp	2132	1132	62.0667	17.2833
Gnesta	0461	6472	59.0475	17.3119
Gnosjö	0617	4251	57.3585	13.7369
Granö	2404	200	64.2500	19.3167
Grebbestad	1435	1936	58.7025	11.2574
Grevie	1278	1031	56.3917	12.7833
Grillby	0381	1175	59.6167	17.2500
Grimslöv	0764	597	56.7333	14.5333
Grimstorp	0682	345	57.5667	14.7000
Grimsås	1452	680	57.4833	13.5333
Grisslehamn	0188	368	60.1000	18.8333
Grums	1764	4975	59.3466	13.1091
Grundsund	1484	616	58.2167	11.4167
Grycksbo	2080	1838	60.6833	15.4667
Gryt	0563	318	58.1833	16.8000
Grytgöl	0562	285	58.8000	15.5500
Grythyttan	1863	801	59.7000	14.5333
Grängesberg	2085	2119	60.0833	14.9833
Gränna	0680	2649	58.0167	14.4667
Gräsmyr	2401	200	63.7500	19.6333
Grästorp	1444	3022	58.3322	12.6812
Gråbo	1441	6953	57.8333	12.3000
Grödinge	0127	200	59.1988	17.8298
Grönahög	1491	200	57.6667	13.5833
Gualöv	1272	519	56.0500	14.4167
Gudhem	1499	427	58.2333	13.5500
Guldsmedshyttan	1885	200	59.7000	15.1000
Gullabo	0834	200	56.4667	15.9833
Gullaskruv	0881	200	56.8833	15.6667
Gullbrandstorp	1380	1855	56.6873	12.7950
Gullholmen	1421	200	58.1833	11.4000
Gullringen	0884	465	57.8000	15.7000
Gullspång	1447	1579	58.9861	14.0964
Gunnarn	2421	200	65.0000	17.6667
Gunnarsbyn	2582	200	66.0833	21.8333
Gunnarskog	1784	279	59.8333	12.5500
Gunnebo	0883	1019	57.7167	16.5333
Gunnilse	1480	200	57.8000	12.0667
Gusselby	1885	274	59.6500	15.2167
Gustafs	2082	200	60.4000	15.6000
Gustavsberg	0120	25034	59.3268	18.3898
Gustavsfors	1765	200	59.2000	12.1000
Gusum	0563	1063	58.2667	16.4833
Gysinge	2181	200	60.2833	16.8833
Gyttorp	1884	648	59.5167	14.9667
Gäddede	2313	254	64.5000	14.1500
Gällivare	2523	12385	67.1339	20.6528
Gällnöby	0120	200	59.4000	18.6333
Gällstad	1491	601	57.6667	13.4333
Gällö	2305	668	62.9167	15.2333
Gärds Köpinge	1290	893	55.9333	14.1500
Gärsnäs	1291	1039	55.5500	14.1833
Gästrike-Hammarby	2181	200	60.6056	16.5889
Gävle	2180	86533	60.6745	17.1417
Gånghester	1490	200	57.7000	13.0167
Gårdsjö	1860	200	58.8667	14.3167
Göta	1462	1270	58.1167	12.1500
Göteborg	1480	674529	57.7072	11.9668
Götene	1471	5153	58.5282	13.4946
Habo	0643	9499	57.9119	14.0744
Hackås	2326	591	62.7939	14.4660
Hagfors	1783	4731	60.0238	13.6721
Hajom	1463	200	57.5000	12.5500
Hakenäset	1419	200	58.0467	11.7133
Hakkas	2523	332	66.9167	21.5500
Hallabro	1081	242	56.3833	15.1000
Hallaryd	0765	200	56.4833	13.8667
Hallen	2321	235	62.9575	13.9073
Hallsberg	1861	8321	59.0657	15.1117
Hallstahammar	1961	10147	59.6139	16.2285
Hallstavik	0188	4598	60.0500	18.6000
Halltorp	0880	248	56.5000	16.1000
Halmstad	1380	72979	56.6745	12.8568
Hamburgsund	1435	696	58.5525	11.2727
Hammar	1882	268	58.8167	14.9500
Hammarstrand	2303	1078	63.1104	16.3538
Hammarö	1761	16992	59.3333	13.5167
Hammenhög	1291	920	55.5000	14.1500
Hammerdal	2313	1089	63.6000	15.3500
Hamneda	0781	200	56.7000	13.8500
Hamra	2161	200	61.6500	15.0000
Hamrångefjärden	2180	200	60.9000	17.0667
Hanaskog	1256	1244	56.1500	14.1167
Handen	0136	200	59.1676	18.1380
Haninge	0136	100895	59.1677	18.1448
Haparanda	2583	6292	65.8355	24.1368
Harads	2582	504	66.0840	20.9550
Harbo	0331	842	60.1000	17.2000
Harestad	1482	200	57.8167	11.8333
Hargshamn	0382	284	60.1667	18.4667
Harlösa	1285	887	55.7167	13.5333
Harmånger	2132	614	61.9333	17.2167
Harplinge	1380	1706	56.6997	12.8101
Hassela	2132	336	62.1333	16.7167
Hasselfors	1860	379	59.0833	14.6500
Hasslarp	1283	543	56.0900	12.7555
Hasslö	1080	1704	56.1167	15.4833
Havdhem	0980	268	57.1500	18.3167
Haverdal	1380	1925	56.6864	12.8106
Havstenssund	1435	200	58.7500	11.1833
Heberg	1382	471	56.8833	12.6167
Heby	0331	2962	59.9381	16.8622
Hedared	1490	356	57.8167	12.7500
Hede	2361	711	62.4229	13.5210
Hedekas	1430	398	58.6500	11.7667
Hedemora	2083	7461	60.2797	15.9886
Hedesunda	2180	1081	60.4000	17.0000
Helgum	2283	200	63.1500	16.9500
Helsingborg	1283	116029	56.0467	12.6944
Hemmingsmark	2581	371	65.2167	21.2667
Hemse	0980	1752	57.2379	18.3744
Henån	1421	2394	58.2385	11.6760
Herrljunga	1466	4113	58.0774	13.0266
Herräng	0188	320	60.1333	18.6500
Hestra	0662	1343	57.2667	13.0167
Hillared	1465	660	57.6333	13.1500
Hillerstorp	0617	1660	57.3167	13.8667
Hindås	1401	3073	57.7000	12.4500
Hishult	1381	322	56.4333	13.3000
Hisings Backa	1480	200	57.6766	11.9582
Hjo	1497	6427	58.3013	14.2878
Hjortkvarn	1861	220	58.9000	15.4333
Hjortsberga	0764	252	56.9167	14.4500
Hjälteby	1419	200	58.0500	11.7000
Hjältevad	0686	334	57.6333	15.3333
Hjärnarp	1292	1218	56.3167	12.9167
Hjärtum	1462	401	58.1833	12.1000
Hjärup	1230	5948	55.6684	13.1718
Hofors	2104	6037	60.5457	16.2867
Hok	0665	686	57.5167	14.2667
Holm	1380	859	56.7333	12.8500
Holmsjö	1080	357	56.4167	15.5333
Holmsund	2480	6064	63.7060	20.3641
Holmsveden	2183	200	61.1167	16.7167
Holsbybrunn	0685	784	57.4333	15.2000
Holsljunga	1465	215	57.4167	12.9667
Horda	0683	360	57.0333	14.2500
Horn	0513	454	57.9000	15.8333
Horndal	2084	1012	60.3000	16.4167
Hornmyr	2481	200	64.4000	18.4000
Horred	1463	1283	57.3500	12.4667
Hortlax	2581	1591	65.2833	21.3833
Hoting	2313	577	64.1167	16.1667
Hova	1447	1225	58.8667	14.1833
Hovmantorp	0761	3208	56.7833	15.1333
Hovås	1480	200	57.6114	11.9392
Huaröd	1290	256	55.8333	13.9667
Huddinge	0126	114304	59.2370	17.9819
Huddungeby	0331	200	60.0500	16.9833
Hudiksvall	2184	16792	61.7290	17.1036
Hult	0686	408	57.6333	15.1333
Hultafors	1443	295	57.7000	12.7333
Hultsfred	0860	5614	57.4882	15.8436
Hunnebostrand	1427	1988	58.4413	11.3032
Huskvarna	0680	200	57.8000	14.2667
Husum	2284	1475	63.3333	19.1667
Hyllinge	1277	2454	56.1000	12.8500
Hyltebruk	1315	3929	56.9989	13.2396
Hyppeln	1407	200	57.7199	11.6248
Hyssna	1463	780	57.5667	12.5333
Hägersten	0180	200	59.3059	17.9872
Häggenås	2380	363	63.3833	14.8833
Häljarp	1282	4024	55.8500	12.9167
Hällaström	2463	200	63.9333	17.2667
Hällefors	1863	4124	59.7839	14.5220
Hälleforsnäs	0482	1536	59.1667	16.5000
Hällekis	1471	618	58.6167	13.4333
Hällestad	0562	303	58.7333	15.5667
Hällevadsholm	1430	782	58.5833	11.5333
Hälleviksstrand	1421	200	58.1250	11.4500
Hällingsjö	1401	480	57.6167	12.4333
Hällnäs	2404	231	64.3167	19.6333
Hälsö	1407	569	57.6984	11.6498
Häradsbäck	0765	200	56.5333	14.4500
Härnösand	2280	18236	62.6323	17.9379
Härryda	1401	1207	57.6544	12.3632
Hässelby	0180	200	59.1500	16.8500
Hässleholm	1293	19760	56.1591	13.7664
Hästveda	1293	1731	56.2667	13.9333
Håcksvik	1465	200	57.3167	13.1500
Håknäs	2401	200	63.5667	19.6667
Hålanda	1440	200	57.9806	12.1639
Hållsta	0484	899	59.3000	16.4500
Hålta	1482	200	57.8833	11.8167
Hårsfjärden	0136	200	59.2654	18.6400
Håverud	1492	200	58.8167	12.4000
Höganäs	1284	16274	56.1997	12.5580
Högsby	0821	1872	57.1660	16.0256
Högsjö	0428	606	59.0333	15.6833
Högsäter	1439	695	58.6500	12.0500
Höje	1783	200	59.9000	13.5500
Hökerum	1491	726	57.8500	13.2833
Höljes	1737	200	60.9000	12.6000
Höllviken	1233	200	55.4167	12.9500
Hölö	0181	1646	59.0167	17.5333
Hörby	1266	7583	55.8524	13.6609
Hörja	1293	201	56.2000	13.5833
Höviksnäs	1419	3469	58.0333	11.7667
Höör	1267	14004	55.9693	13.5732
Idkerberget	2085	200	60.3833	15.2333
Iggesund	2184	3370	61.6444	17.0831
Ilsbo	2132	419	61.8667	17.0667
Indal	2281	940	62.4790	17.2032
Ingatorp	0686	486	57.6333	15.4000
Ingelstad	0780	1863	56.8458	14.8360
Ingmarsö	0117	200	59.4675	18.7494
Insjön	2029	2110	60.6833	15.0833
Johanneshov	0180	200	59.3333	18.0500
Johannishus	1081	786	56.2167	15.4167
Jokkmokk	2510	2711	66.6066	19.8232
Jonsered	1402	887	57.7500	12.1667
Jonstorp	1284	2203	56.2333	12.6667
Jukkasjärvi	2584	753	67.8500	20.6167
Julita	0484	200	59.1532	16.0424
Junosuando	2521	263	67.4333	22.5167
Junsele	2283	729	63.6833	16.9000
Juoksengi	2518	255	66.5667	23.8500
Jädraås	2101	200	60.8500	16.4667
Jämjö	1080	2674	56.1833	15.8167
Jämshög	1060	1533	56.2333	14.5167
Järbo	2181	1758	60.7167	16.6000
Järfälla	0123	88950	59.3501	17.9658
Järlåsa	0380	594	59.8833	17.2000
Järna	0181	6110	59.1000	17.5667
Järnforsen	0860	423	57.4167	15.6167
Järpen	2321	1597	63.3500	13.4833
Järpås	1494	777	58.3833	12.9667
Järved	2284	200	63.2667	18.7667
Järvsö	2161	1592	61.7167	16.1667
Jättendal	2132	224	61.9675	17.2489
Jävrebyn	2581	200	65.1500	21.4833
Jönköping	0680	103032	57.7815	14.1562
Jönåker	0480	620	58.7333	16.7167
Jörlanda	1415	1471	57.9833	11.8167
Jörn	2482	606	65.0333	20.1500
Kainulasjärvi	2521	200	67.0000	22.5000
Kalix	2514	8226	65.8530	23.1565
Kallinge	1081	4579	56.2333	15.2833
Kalmar	0880	42622	56.6616	16.3616
Kalvsvik	0780	200	56.7167	14.7000
Kangos	2521	210	67.4833	22.6667
Kareby	1482	200	57.9167	11.9000
Karesuando	2584	272	68.4396	22.4705
Karlholmsbruk	0360	1206	60.5167	17.6167
Karlsborg	1446	3876	58.5372	14.5047
Karlsborgsverken	2514	200	65.8390	23.2658
Karlshamn	1082	19966	56.1706	14.8619
Karlskoga	1883	27261	59.3267	14.5239
Karlskrona	1080	36423	56.1616	15.5866
Karlstad	1780	69615	59.3793	13.5036
Karungi	2583	200	66.0500	23.9500
Katrineholm	0483	23953	58.9959	16.2072
Kattarp	1283	891	56.0983	12.7306
Kil	1715	8381	59.5072	13.3139
Kilafors	2183	1115	61.2333	16.5667
Killeberg	1273	612	56.4667	14.0833
Kilsmo	1880	200	59.0667	15.5167
Kimstad	0581	1603	58.5333	15.9667
Kinna	1463	15507	57.5073	12.6946
Kinnahult	1463	200	57.5333	12.7167
Kinnared	1315	295	57.0333	13.1000
Kinnarp	1499	949	58.0667	13.5167
Kinnarumma	1490	394	57.6000	12.8333
Kiruna	2584	17284	67.8557	20.2251
Kisa	0513	3746	57.9878	15.6330
Kista	0180	200	59.4032	17.9448
Kivik	1291	871	55.6833	14.2500
Klagstorp	1287	416	55.4000	13.3667
Klavreström	0760	200	57.1333	15.1333
Klimpfjäll	2462	200	64.6751	16.6456
Klintehamn	0980	1539	57.3867	18.2037
Klippan	1276	9049	56.1356	13.1309
Klädesholmen	1419	200	57.9500	11.5333
Klässbol	1784	304	59.5333	12.7333
Klågerup	1263	2317	55.6000	13.2500
Klövedal	1419	200	58.0333	11.5833
Klövsjö	2326	358	62.5285	14.1942
Knislinge	1256	3346	56.1833	14.0833
Knivsta	0330	9771	59.7256	17.7875
Knutby	0380	702	59.9167	18.2500
Knäred	1381	1177	56.5333	13.3167
Kode	1482	1569	57.9333	11.8500
Kolbäck	1961	2108	59.5667	16.2500
Koler	2581	200	65.5000	20.5000
Kolmården	0581	200	58.6667	16.3833
Kolsva	1983	2375	59.6000	15.8333
Konga	0763	441	56.5000	15.1167
Kopparberg	1864	2697	59.8760	14.9944
Koppom	1730	678	59.7167	12.1500
Korpilombolo	2521	504	66.8518	23.0552
Korsberga	0685	707	57.3167	15.1167
Korskrogen	2161	200	61.8167	15.7500
Koskullskulle	2523	1216	67.1833	20.7500
Kosta	0761	836	56.8500	15.3833
Kovland	2281	623	62.4220	17.2542
Kramfors	2282	6605	62.9316	17.7765
Kristdala	0882	926	57.4000	16.1833
Kristianstad	1290	41198	56.0313	14.1524
Kristineberg	2481	200	65.0667	18.5833
Kristinehamn	1781	18358	59.3098	14.1081
Krokom	2309	1844	63.3259	14.4488
Krylbo	2084	200	60.1333	16.2167
Kullavik	1384	200	57.5433	11.9428
Kulltorp	0617	366	57.2667	13.7833
Kumla	1881	17889	59.1277	15.1434
Kungsbacka	1384	85792	57.4872	12.0761
Kungsgården	2181	744	60.6000	16.6167
Kungshamn	1427	200	58.3631	11.2594
Kungsäter	1383	414	57.3167	12.5667
Kungsör	1960	6108	59.4225	16.0966
Kungälv	1482	28912	57.8710	11.9805
Kusmark	2482	471	64.8833	20.8000
Kvibille	1380	1016	56.7289	12.8451
Kvicksund	1980	2282	59.3732	16.4431
Kvidinge	1277	1986	56.1333	13.0667
Kvissleby	2281	5189	62.2936	17.3750
Kvänum	1470	1330	58.3000	13.1833
Kyrkesund	1419	534	58.0167	11.5167
Kyrkhult	1060	976	56.3500	14.5833
Kälarne	2305	377	62.9833	16.0833
Källby	1471	1511	58.5167	13.3167
Källö-Knippla	1407	285	57.7199	11.6499
Kärna	1482	1234	57.8500	11.7833
Kättilstorp	1499	216	57.7500	14.1333
Kävlinge	1261	10453	55.7919	13.1102
Kåge	2482	2594	64.8357	20.9845
Kågeröd	1214	1585	56.0167	13.1000
Kållekärr	1419	803	57.9828	11.5817
Kållered	1481	200	57.6099	12.0511
Kårböle	2161	200	61.9833	15.3167
Köping	1983	18605	59.5140	15.9926
Köpingebro	1286	1356	55.4667	13.9333
Köpmanholmen	2284	1210	63.1667	18.5667
Köpmannebro	1461	200	58.7833	12.5000
Lagan	0781	1626	56.9167	13.9833
Laholm	1381	6861	56.5121	13.0437
Laisvall	2506	200	65.8339	18.0231
Lajksjöberg	2425	200	64.2018	16.5274
Lammhult	0780	1600	57.1667	14.5833
Landeryd	1315	375	57.0833	13.2667
Landfjärden	0192	283	58.9832	17.9777
Landsbro	0685	1408	57.3667	14.9000
Landskrona	1282	33859	55.8708	12.8302
Landvetter	1401	9999	57.6866	12.2117
Lannavaara	2584	200	68.0500	21.9333
Lansjärv	2523	200	66.6540	22.1961
Lappträsk	2583	200	65.9667	23.5000
Latikberg	2462	200	64.6500	17.0500
Lavsjön	2425	200	64.1833	16.6500
Laxå	1860	3161	58.9863	14.6190
Lekeryd	0680	820	57.7667	14.4000
Leksand	2029	6505	60.7330	15.0014
Lenhovda	0760	1694	57.0000	15.2833
Lerberget	1284	200	56.1833	12.5500
Lerdala	1496	539	58.4833	13.7167
Lerum	1441	28789	57.7705	12.2690
Lesjöfors	1782	713	59.9833	14.1833
Lessebo	0761	2881	56.7519	15.2697
Liden	2281	261	62.4942	17.1375
Lidhult	0781	615	56.8333	13.4333
Lidingö	0186	44642	59.3667	18.1333
Lidköping	1494	23585	58.5052	13.1577
Lidsjöberg	2313	200	64.3000	15.2000
Likenäs	1737	200	60.6167	13.0333
Lilla Edet	1462	3907	58.1333	12.1333
Lillhärdal	2361	333	61.8500	14.0667
Lillkyrka	0381	316	58.5000	15.9000
Lillpite	2581	399	65.3667	21.1333
Lima	2023	214	60.9333	13.3500
Limmared	1452	1441	57.5333	13.3500
Linderöd	1290	473	55.9333	13.8167
Lindesberg	1885	9575	59.5920	15.2304
Lindome	1481	200	57.5667	12.0833
Lindås	0862	200	56.6167	15.5667
Lingbo	2101	375	61.0500	16.6833
Linghed	2080	200	60.7833	15.8500
Linghem	0580	3155	58.4200	15.6500
Linköping	0580	116851	58.4167	15.6167
Linneryd	0763	449	56.6667	15.1167
Listerby	1081	1073	56.2000	15.4000
Lit	2380	1226	63.3167	14.8167
Ljugarn	0980	202	57.3167	18.7000
Ljung	1466	200	57.9833	13.0500
Ljungaverk	2260	200	62.4833	16.0167
Ljungby	0781	16076	56.8332	13.9408
Ljungbyhed	1276	2167	56.0667	13.2167
Ljungbyholm	0880	2008	56.6333	16.1667
Ljungsarp	1452	202	57.5667	13.5667
Ljungsbro	0580	7215	58.5167	15.5000
Ljungskile	1485	4026	58.2167	11.9167
Ljusdal	2161	7125	61.8288	16.0913
Ljusfallshammar	0562	313	58.7833	15.4833
Ljusne	2182	1710	61.2167	17.1333
Ljusnedal	2361	200	62.5333	12.6167
Ljusterö	0117	200	59.5275	18.6211
Lofsdalen	2361	200	62.1167	13.2667
Loftahammar	0883	425	57.8997	16.7000
Lomma	1262	13699	55.6724	13.0685
Los	2161	313	61.7333	15.1667
Lotorp	0562	699	58.7333	15.8333
Lovikka	2521	200	67.3167	22.6167
Ludvika	2085	15675	60.1496	15.1878
Lugnvik	2282	319	62.9322	17.9069
Luleå	2580	49646	65.5842	22.1546
Lund	1281	98308	55.7028	13.1927
Lunde	2282	335	62.8833	17.8500
Lundsbrunn	1471	901	58.4833	13.4500
Lur	1486	200	58.8167	11.3333
Lycke	1482	200	57.8750	11.7167
Lyckeby	1080	200	56.2000	15.6500
Lycksele	2481	8580	64.5954	18.6735
Lyrestad	1493	468	58.8000	14.0667
Lysekil	1484	7340	58.2743	11.4358
Lysvik	1766	331	60.0167	13.1333
Länghem	1452	1091	57.6000	13.2333
Lärbro	0980	466	57.7833	18.7833
Långaryd	1315	200	57.0333	13.3500
Långasjö	0862	332	56.5833	15.4333
Långbäcken	2463	200	64.3500	18.1167
Långsele	2283	1523	63.1833	17.0667
Långserud	1785	200	59.1658	12.8964
Långshyttan	2083	1405	60.4500	16.0167
Långviksmon	2284	200	63.6333	18.6833
Långås	1382	543	56.9833	12.4500
Löberöd	1285	1276	55.7833	13.5000
Löddeköpinge	1261	6714	55.7667	13.0167
Lödöse	1462	1895	58.0333	12.1333
Lögdeå	2401	547	63.5333	19.4000
Lönneberga	0884	200	57.5500	15.7167
Lönsboda	1273	1851	56.4000	14.3167
Löttorp	0885	564	57.1667	16.9833
Lövestad	1265	709	55.6500	13.8833
Malgomaj	2462	200	64.8000	16.0167
Malmberget	2523	200	67.1753	20.6550
Malmbäck	0682	1071	57.5833	14.4667
Malmköping	0482	1992	59.1333	16.7333
Malmö	1280	339316	55.6059	13.0007
Malung	2023	4873	60.6833	13.7154
Malungsfors	2023	549	60.7333	13.5500
Malå	2418	2013	65.1850	18.7424
Mantorp	0586	4260	58.3500	15.2833
Marbäck	1491	523	57.7500	13.4167
Mariannelund	0686	1518	57.6967	15.7067
Mariefred	0486	4277	59.2667	17.2167
Marieholm	1285	1725	55.8667	13.1500
Mariestad	1493	16750	58.7097	13.8237
Markaryd	0767	5085	56.4614	13.5964
Marmaverken	2182	347	61.2667	16.8667
Marsfjäll	2462	200	64.1333	17.7792
Marstrand	1482	349	57.8870	11.5822
Matfors	2281	3312	62.3500	17.0333
Mattmar	2321	200	63.3167	13.8333
Mellansel	2284	710	63.4333	18.3167
Mellanström	2506	200	65.8500	18.0167
Mellbystrand	1381	4641	56.5167	12.9333
Mellerud	1461	3974	58.6998	12.4531
Mellösa	0482	541	59.1000	16.5500
Mjällom	2282	200	62.9833	18.4333
Mjöbäck	1465	296	57.3167	12.8667
Mjölby	0586	14282	58.3259	15.1236
Mockfjärd	2026	1981	60.5000	14.9667
Moheda	0764	1836	57.0000	14.5667
Moholm	1473	541	58.6167	14.0333
Moliden	2284	282	63.3833	18.4667
Molkom	1780	1887	59.4234	13.5429
Mollösund	1421	200	58.0667	11.4667
Mora	2062	12830	61.0070	14.5432
Morgongåva	0331	1516	59.9333	16.9500
Morjärv	2514	200	66.0667	22.7167
Moskosel	2505	200	65.8667	19.4167
Motala	0583	31367	58.5348	15.0474
Mullhyttan	1814	561	59.1500	14.6833
Mullsjö	0642	5858	57.9171	13.8783
Munka-Ljungby	1292	3687	56.2500	12.9667
Munkedal	1430	4178	58.4724	11.6686
Munkfors	1762	2841	59.8386	13.5436
Munsö	0125	200	59.3081	17.8500
Murjek	2510	200	66.4667	20.8833
Muskö	0136	283	58.9831	18.1331
Myggenäs	1419	200	58.0500	11.7333
Myresjö	0685	696	57.3833	14.9500
Märsta	0191	30576	59.6167	17.8500
Målerås	0881	200	56.9167	15.5667
Målilla	0860	1461	57.3877	15.8068
Målsryd	1490	200	57.6833	13.0500
Månkarbo	0360	664	60.2333	17.4667
Månsarp	0680	200	57.6500	14.0667
Månstad	1452	200	57.6000	13.3333
Mårdaklev	1465	200	57.2667	12.9833
Möja	0120	200	59.3997	18.8331
Möklinta	1981	320	60.0833	16.5333
Mölle	1284	545	56.2833	12.5000
Mölltorp	1446	1048	58.5000	14.4000
Mölnbo	0181	1149	59.0500	17.4167
Mölndal	1481	71420	57.6554	12.0138
Mölnlycke	1401	200	57.6589	12.1179
Mönsterås	0861	5127	57.0413	16.4446
Mörarp	1283	1920	56.0517	12.7375
Mörbylånga	0840	1809	56.5248	16.3788
Mörlunda	0860	848	57.3167	15.8500
Mörrum	1082	3913	56.1833	14.7500
Mörsil	2321	822	63.3167	13.6333
Nacka	0182	112112	59.3105	18.1637
Nacka Strand	0182	200	59.3171	18.1338
Niemisel	2582	200	66.0000	22.0000
Nikkala	2583	402	65.8000	23.9333
Nissafors	0617	293	57.4000	13.6333
Nittorp	1452	216	57.5833	13.4833
Njurunda	2281	200	62.2634	17.3835
Njutånger	2184	806	61.6125	17.0556
Nol	1440	200	57.9167	12.0500
Nora	1884	6633	59.5193	15.0398
Noraström	2282	200	62.8667	18.0333
Norberg	1962	4387	60.0650	15.9237
Nordingrå	2282	284	62.9333	18.3167
Nordmaling	2401	2640	63.5685	19.5024
Nordmarkshyttan	1782	200	59.8333	14.0833
Norrahammar	0680	200	57.7000	14.1000
Norrala	2182	200	61.3667	16.9833
Norrfjärden	2581	1501	65.4167	21.4500
Norrfors	2403	200	63.7667	18.9833
Norrhult	0780	200	57.1333	15.1667
Norrköping	0581	98229	58.5942	16.1826
Norrsundet	2180	918	60.9500	17.1333
Norrtälje	0188	23606	59.7580	18.7050
Norråker	2425	200	64.2083	15.6833
Norsborg	0127	200	59.2500	17.7833
Norsholm	0581	548	58.5167	15.9667
Norsjö	2417	1995	64.9121	19.4815
Nossebro	1445	1931	58.1881	12.7160
Nusnäs	2062	783	60.9667	14.6333
Nybro	0881	13584	56.7446	15.9071
Nye	0685	200	57.3500	15.2500
Nygård	1462	508	58.0500	12.2167
Nyhamnsläge	1284	200	56.2436	12.5419
Nykil	0580	402	58.2833	15.4500
Nykroppa	1782	648	59.6500	14.3000
Nykvarn	0140	8508	59.1833	17.4333
Nyköping	0480	39770	58.7530	17.0079
Nyland	2282	800	62.8667	17.9500
Nymölla	1272	261	56.0988	14.4595
Nynäshamn	0192	16447	58.9034	17.9479
Nyvång	1277	200	56.1333	12.9000
Nyåker	2403	200	63.7500	19.3167
Nälden	2309	986	63.3500	14.2500
Nämdö	0120	200	59.1833	18.6833
Nässjö	0682	18639	57.6531	14.6968
Näsum	1272	1274	56.1667	14.4833
Näsviken	2184	994	61.7667	16.8667
Näsåker	2283	500	63.4333	16.9000
Nättraby	1080	3338	56.2000	15.5167
Nävekvarn	0480	727	58.6331	16.8000
Nävlinge	1293	200	56.0667	13.8333
Nås	2021	200	60.4500	14.4833
Nödinge	1440	200	57.8833	12.0667
Nösund	1421	200	58.1000	11.5167
Obbola	2480	2141	63.7000	20.3167
Ockelbo	2101	2901	60.8912	16.7185
Odensbacken	1880	1275	59.1667	15.5333
Offerdal	2321	200	63.4500	13.9833
Olofstorp	1480	4169	57.8000	12.1500
Olofström	1060	7628	56.2773	14.5340
Olsfors	1443	607	57.7000	12.7000
Onsala	1384	12486	57.4253	12.0290
Ormaryd	0682	223	57.6667	14.8167
Ornö	0136	200	59.0544	18.4283
Orrefors	0881	663	56.8333	15.7500
Orrviken	2380	335	63.1000	14.4333
Orsa	2034	5800	61.1203	14.6155
Osby	1273	7754	56.3816	13.9936
Oskarshamn	0882	18817	57.2646	16.4484
Oskarström	1380	4116	56.8000	12.9667
Otterbäcken	1447	606	58.9500	14.0333
Oviken	2326	200	62.6571	14.3735
Oxelösund	0481	11485	58.6706	17.1015
Oxie	1280	14040	55.5333	13.1000
Pajala	2521	1962	67.2128	23.3661
Partille	1402	41060	57.7395	12.1064
Pauliström	0685	200	57.4667	15.5167
Pello	2518	200	66.8000	24.0000
Perstorp	1275	5972	56.1383	13.3948
Pilgrimstad	2305	389	62.9500	15.0333
Piteå	2581	23824	65.3172	21.4794
Pixbo	1481	200	57.6500	12.0833
Porjus	2510	256	66.9593	19.8207
Påarp	1283	5882	56.0434	12.7250
Pålsboda	1861	1610	59.0667	15.3333
Påryd	0880	655	56.5667	15.9167
Påskallavik	0882	1118	57.1667	16.4500
Rabbalshede	1435	280	58.6167	11.4667
Ramdala	1080	253	56.1833	15.7667
Ramkvilla	0685	200	57.2042	14.9525
Ramlösa	1283	200	56.0167	12.7167
Ramnäs	1907	1185	59.7667	16.2000
Ramsberg	1885	200	59.7667	15.2833
Ramsele	2283	768	63.5500	16.4833
Ramsjö	2361	200	61.8292	15.7708
Ramvik	2280	408	62.8167	17.8500
Ransta	1981	858	59.8000	16.6333
Ransäter	1763	200	59.7667	13.4333
Reftele	0662	1293	57.1833	13.5833
Rejmyre	0562	862	58.8333	15.9167
Rengsjö	2183	256	61.3667	16.6000
Rentjärn	2418	200	65.0833	18.9000
Resö	1435	200	58.8000	11.1667
Riddarhyttan	1904	297	59.8000	15.5500
Riksgränsen	2584	200	68.4270	18.1257
Rimbo	0188	5346	59.7500	18.3667
Rimforsa	0513	2291	58.1362	15.6865
Ringarum	0563	585	58.3333	16.4500
Rinkaby	1290	748	55.9833	14.2667
Risögrund	2514	632	65.8000	23.2500
Robertsfors	2409	1939	64.1932	20.8481
Rockneby	0880	974	56.6926	16.3559
Roknäs	2581	1241	65.3500	21.2000
Rolfstorp	1383	595	57.1500	12.4500
Romakloster	0980	1347	57.5167	18.4500
Romelanda	1482	200	57.9167	12.0167
Ronneby	1081	12636	56.2100	15.2760
Rosenfors	0860	267	57.3667	15.8333
Rosersberg	0191	1833	59.5833	17.8833
Rossön	2313	319	63.9333	16.3500
Rosvik	2581	1857	65.4333	21.7000
Rottne	0780	2465	57.0167	14.9000
Rottneros	1766	393	59.8000	13.1167
Rundvik	2401	778	63.5333	19.4333
Runhällen	0331	200	60.0333	16.8167
Runmarö	0120	200	59.3196	18.7213
Rusksele	2481	221	64.8167	18.8833
Ryd	0763	1318	56.4667	14.6833
Rydaholm	0683	1477	56.9833	14.3000
Rydal	1463	459	57.5500	12.6833
Rydboholm	1490	966	57.6500	12.8833
Rydebäck	1283	6597	55.9667	12.7667
Rydsgård	1264	1521	55.4667	13.5833
Rydöbruk	1315	357	56.9500	13.1500
Ryssby	0781	744	56.8667	14.1667
Rätan	2326	200	62.4667	14.5500
Rättvik	2031	5369	60.8863	15.1179
Rävlanda	1401	1734	57.6500	12.5000
Råda	1783	339	60.0000	13.6000
Råneå	2580	1975	65.8548	22.2913
Rångedala	1490	452	57.7833	13.1167
Rånäs	0188	452	59.8000	18.2833
Råå	1283	200	56.0000	12.7333
Röbäck	2480	2493	63.8116	20.1833
Rödeby	1080	3473	56.2500	15.6000
Röfors	1860	200	58.9500	14.6167
Röke	1293	210	56.2333	13.5000
Rökå	2481	200	65.0500	18.7833
Rönninge	0128	200	59.2000	17.7333
Rönnäng	1419	1597	57.9333	11.5833
Rörbäcksnäs	2039	200	61.4167	13.0667
Rörvik	0684	557	57.2333	14.5667
Rörö	1407	253	57.7329	11.6332
Röstånga	1214	911	56.0000	13.2833
Sala	1981	13702	59.9199	16.6066
Salbohed	1981	245	59.9167	16.3167
Saltsjö-Boo	0182	200	59.3173	18.2550
Saltsjö-Duvnäs	0182	200	59.3000	18.2000
Saltsjöbaden	0182	9409	59.2833	18.3000
Sandared	1490	3640	57.7099	12.7924
Sandarne	2182	1844	61.2667	17.1667
Sandhamn	0120	200	59.2833	18.9167
Sandhem	0642	735	57.9833	13.7667
Sandhult	1490	703	57.7667	12.8167
Sandsjöfors	0682	200	57.5000	14.7833
Sandviken	2181	24827	60.6167	16.7667
Sandöverken	2282	200	62.9010	17.8605
Sangis	2514	487	65.8500	23.5000
Sankt Anna	0582	200	58.3500	16.7000
Sankt Ibb	1282	200	55.9167	12.6833
Sankt Olof	1291	679	55.6333	14.1333
Saxdalen	2085	618	60.1333	14.9667
Segeltorp	0126	200	59.2833	17.9333
Segersta	2183	330	61.2667	16.6333
Segmon	1764	426	59.2833	13.0167
Sennan	1380	394	56.7667	12.9833
Seskarö	2583	386	65.7500	23.7333
Sexdrega	1465	834	57.5833	13.1167
Sibbhult	1256	1337	56.2667	14.2000
Sidensjö	2284	386	63.3000	18.3000
Sigtuna	0191	10407	59.6173	17.7236
Sikfors	2581	200	65.5333	21.1667
Siljansnäs	2029	1297	60.7833	14.8500
Silverdalen	0860	642	57.5333	15.7333
Simlångsdalen	1380	692	56.7167	13.1167
Simrishamn	1291	6863	55.5565	14.3504
Sjulsmark	2581	340	65.5167	21.5000
Sjuntorp	1488	2218	58.2000	12.2167
Själevad	2284	200	63.3000	18.6000
Sjöbo	1265	8565	55.6314	13.7062
Sjömarken	1490	200	57.7153	12.8349
Sjötofta	1465	200	57.3500	13.2833
Sjötorp	1493	420	58.8333	13.9833
Sjövik	1441	1071	57.9167	12.3667
Skagersvik	1447	200	58.9667	14.1000
Skanör	1233	200	55.4167	12.8500
Skara	1495	11475	58.3866	13.4384
Skarpnäck	0180	200	59.2667	18.1167
Skattkärr	1780	1960	59.4167	13.6333
Skebobruk	0188	205	59.9667	18.6000
Skee	1486	774	58.9333	11.3167
Skelleftehamn	2482	3302	64.6833	21.2333
Skellefteå	2482	39146	64.7507	20.9528
Skene	1463	200	57.4833	12.6333
Skephult	1490	200	57.5333	12.8667
Skepplanda	1440	1821	57.9833	12.2000
Skeppshult	0662	360	57.1167	13.3500
Skillingaryd	0665	4261	57.4333	14.0833
Skillinge	1291	962	55.4667	14.2833
Skinnskatteberg	1904	2236	59.8303	15.6934
Skivarp	1264	1397	55.4167	13.5667
Skoghall	1761	14610	59.3232	13.4655
Skogstorp	0484	200	59.3333	16.4667
Skogås	0126	200	59.2167	18.1500
Skorped	2284	200	63.3833	17.9000
Skottorp	1381	609	56.4500	12.9500
Skruv	0761	485	56.7000	15.3500
Skultuna	1980	3226	59.7167	16.4167
Skummeslövsstrand	1381	200	56.4667	12.9167
Skurup	1264	9233	55.4784	13.5019
Skutskär	0319	6606	60.6410	17.4091
Skyttorp	0380	635	60.0833	17.7333
Skällinge	1383	644	57.1833	12.4667
Skälvik	0120	200	59.4481	18.6900
Skänninge	0586	3374	58.4000	15.0833
Skärblacka	0581	4068	58.5667	15.9000
Skärhamn	1419	3725	57.9866	11.5574
Skärholmen	0180	200	59.2755	17.9020
Skärplinge	0360	718	60.4667	17.7667
Skå	0125	200	59.3333	17.7333
Skånes Fagerhult	1381	200	56.3667	13.4833
Skåpafors	1460	322	59.0167	12.2667
Sköldinge	0483	553	59.0333	16.4333
Sköllersta	1861	1112	59.1500	15.3333
Sköndal	0180	200	59.2500	18.1167
Skövde	1496	40422	58.3912	13.8451
Slagnäs	2422	200	65.4583	18.0500
Slite	0980	1405	57.7046	18.8031
Slottsbron	1764	1068	59.3333	13.1000
Slussfors	2421	200	65.4333	16.2500
Slutarp	1499	200	58.0833	13.5167
Slöinge	1382	1077	56.8500	12.6833
Smedjebacken	2061	5190	60.1418	15.4142
Smedstorp	1270	415	55.5667	14.1167
Smygehamn	1287	1292	55.3333	13.3833
Smålandsstenar	0662	4504	57.1667	13.4000
Smögen	1427	200	58.3559	11.2241
Solberg	2463	200	63.7833	17.6333
Solberga	0682	376	57.7333	14.7500
Sollebrunn	1489	1400	58.0546	12.5333
Sollefteå	2283	8270	63.1667	17.2667
Sollenkroka Ö	0120	200	59.3499	18.7582
Sollentuna	0163	77624	59.4280	17.9509
Sollerön	2062	895	60.9167	14.6167
Solna	0184	85789	59.3600	18.0009
Sommen	0687	740	58.1333	14.9667
Sorsele	2422	1092	65.3440	17.8838
Sorunda	0192	1251	58.9820	17.9460
Sparreholm	0482	725	59.0667	16.8167
Sparsör	1490	200	57.8000	13.0000
Spekeröd	1415	227	58.0333	11.8667
Spånga	0180	200	59.3833	17.9167
Staffanstorp	1230	17838	55.6428	13.2064
Stallarholmen	0486	2141	59.3667	17.2000
Stavsjö	0480	234	56.8333	13.8000
Stavsnäs	0120	1898	59.2833	18.6833
Stehag	1285	1454	55.9000	13.3833
Stenhamra	0125	3743	59.3333	17.6667
Steningehöjden	0191	1467	59.6083	17.8583
Stenkullen	1441	200	57.8000	12.3167
Stensele	2421	445	65.0833	17.1667
Stenstorp	1499	1823	58.2667	13.7167
Stenungsund	1415	14381	58.0705	11.8181
Stigen	1439	426	58.5667	12.0667
Stigtomta	0480	1937	58.8000	16.7833
Stjärnhov	0461	604	59.0833	17.0000
Stjärnsund	2083	200	60.4333	16.2000
Stoby	1293	750	56.1833	13.8167
Stocka	2132	328	61.8936	17.3367
Stockamöllan	1285	294	55.9500	13.3667
Stockaryd	0684	1031	57.3167	14.5833
Stockholm	0180	1652895	59.3326	18.0649
Stockholm-Globen	0180	200	59.3332	18.0519
Stocksund	0162	200	59.3833	18.0667
Stora Höga	1415	3122	58.0167	11.8333
Stora Levene	1470	773	58.3333	12.9167
Stora Mellösa	1880	829	59.2167	15.5000
Stora Skedvi	2082	200	60.4000	15.8000
Stora Sundby	0484	200	59.3667	16.4917
Stora Vika	0192	697	58.9333	17.8000
Storebro	0884	936	57.5833	15.8500
Storfors	1760	1904	59.5318	14.2720
Storlien	2321	200	63.3167	12.1000
Storseleby	2462	200	64.8167	16.8167
Storuman	2421	2080	65.0959	17.1173
Storvik	2181	2252	60.5833	16.5333
Storvreta	0380	6211	59.9631	17.6159
Storå	1885	1847	59.7167	15.1333
Strängnäs	0486	15369	59.3774	17.0312
Stråssa	1885	263	59.7500	15.2167
Stråtjära	2183	200	61.1667	16.8500
Strömsbruk	2132	368	61.8703	17.3156
Strömsholm	1961	700	59.5333	16.2500
Strömsnäsbruk	0767	2216	56.5500	13.7167
Strömstad	1486	7836	58.9394	11.1712
Strömsund	2313	3590	63.8521	15.5558
Strövelstorp	1292	1449	56.1500	12.8167
Stugun	2303	574	63.0666	16.3625
Sturefors	0580	3438	58.3833	15.6633
Sturkö	1080	1372	56.0833	15.7000
Ställdalen	1864	423	59.9333	14.9333
Stöde	2281	1276	62.4167	16.6000
Stöllet	1737	200	60.4333	13.2667
Sundbyberg	0183	56274	59.3613	17.9711
Sundsbruk	2281	200	62.4581	17.3489
Sundsvall	2281	99048	62.3913	17.3063
Sunhultsbrunn	0604	200	57.9333	14.9000
Sunne	1766	5138	59.8376	13.1430
Sunnemo	1783	288	59.8833	13.7167
Surahammar	1907	6316	59.7072	16.2219
Surte	1440	6530	57.8167	12.0167
Svalöv	1214	4250	55.9134	13.1076
Svanavattnet	2425	200	64.1000	16.6333
Svaneholm	1490	200	57.6167	12.8167
Svanesund	1421	2014	58.1333	11.8333
Svanskog	1785	454	59.1833	12.5500
Svappavaara	2584	392	67.4557	22.1795
Svartsjö	0125	200	59.3667	17.7333
Svartå	1862	439	59.1333	14.5167
Svedala	1263	13433	55.5079	13.2351
Sveg	2361	2448	62.0341	14.3658
Svenljunga	1465	3717	57.4955	13.1108
Svensbyn	2581	321	65.3000	21.2333
Svenshögen	1415	395	58.1500	11.9333
Svenstavik	2326	974	62.7667	14.4353
Svängsta	1082	1924	56.2667	14.7667
Svärdsjö	2080	1318	60.7500	15.9167
Sysslebäck	1737	402	60.7500	12.8667
Säffle	1785	8823	59.1323	12.9289
Sälen	2023	946	61.1500	13.2667
Särö	1384	200	57.5000	11.9333
Säter	2082	4812	60.3478	15.7505
Sätila	1463	1493	57.5417	12.4343
Sävar	2480	3055	63.9038	20.5501
Säve	1480	771	57.8000	11.9167
Sävedalen	1402	200	57.7312	12.0699
Sävsjö	0684	5581	57.4033	14.6624
Sävsjöström	0760	200	57.0000	15.4000
Sågmyra	2080	611	60.7167	15.2833
Såtenäs	1494	200	58.4333	12.6833
Söderala	2182	200	61.2833	16.9667
Söderbärke	2061	1032	60.0833	15.5500
Söderfors	0360	1646	60.3833	17.2333
Söderhamn	2182	12038	61.3037	17.0592
Söderköping	0582	7617	58.4806	16.3222
Södertälje	0181	78377	59.1955	17.6252
Söderåkra	0834	940	56.4500	16.0667
Södra Sandby	1281	6886	55.7167	13.3333
Södra Sunderbyn	2580	3009	65.6667	21.9500
Södra Vi	0884	1117	57.7500	15.8000
Sölvesborg	1083	8744	56.0521	14.5753
Sörberge	2262	200	62.5100	17.3714
Söråker	2262	2408	62.5050	17.5133
Sösdala	1293	1835	56.0333	13.6667
Taberg	0680	5010	57.6833	14.0833
Tallåsen	2161	578	61.8667	16.0167
Tandsbyn	2380	427	63.0000	14.7500
Tanumshede	1435	2012	58.7238	11.3259
Tavelsjö	2480	484	64.0333	20.1000
Teckomatorp	1214	1991	55.8667	13.0833
Tenhult	0680	3053	57.7167	14.3167
Tibro	1472	8588	58.4245	14.1616
Tidaholm	1498	8285	58.1804	13.9582
Tidan	1496	1000	58.5667	14.0000
Tierp	0360	6346	60.3427	17.5181
Timmele	1491	785	57.8500	13.4333
Timmernabben	0861	1423	56.9667	16.4333
Timmersdala	1496	955	58.5333	13.7500
Timrå	2262	17521	62.4870	17.3257
Tingsryd	0763	3164	56.5247	14.9790
Tingstäde	0980	249	57.7333	18.5833
Tjällmo	0583	487	58.7167	15.3500
Tjörnarp	1267	875	56.0000	13.6167
Tobo	0360	619	60.2667	17.6500
Toftbyn	2080	281	60.7167	15.5625
Tollarp	1290	3385	55.9333	13.9833
Tollered	1441	882	57.8167	12.4167
Tomelilla	1270	7262	55.5429	13.9546
Tommarp	1291	200	55.5544	14.2947
Tomteboda	0184	200	59.3354	18.0585
Torekov	1278	1044	56.4250	12.6333
Torestorp	1463	412	57.3833	12.6667
Torhamn	1080	544	56.1000	15.8333
Tormestorp	1293	1097	56.1167	13.7333
Torna-Hällestad	1281	200	55.6333	13.4000
Torpsbruk	0764	308	57.0333	14.5833
Torpshammar	2260	438	62.4833	16.3333
Torsby	1737	4446	60.1353	13.0082
Torshälla	0484	9167	59.4167	16.4667
Torslanda	1480	200	57.7243	11.7701
Torsåker	2104	867	60.5167	16.4833
Torsås	0834	1967	56.4125	15.9984
Torsö	1493	200	56.0000	14.6500
Torup	1315	1268	56.9667	13.0833
Tostared	1463	200	57.4667	12.3667
Totebo	0883	223	57.6333	16.2000
Tranemo	1452	3455	57.4833	13.3500
Transtrand	2023	367	61.0833	13.3167
Tranås	0687	14611	58.0372	14.9782
Traryd	0767	659	56.5833	13.7833
Trehörningsjö	2401	200	63.7000	18.8000
Trekanten	0880	1559	56.7000	16.1167
Trelleborg	1287	31366	55.3751	13.1569
Trensum	1082	200	56.2000	14.9500
Trollhättan	1488	50069	58.2837	12.2886
Trosa	0488	7540	58.8962	17.5481
Trädet	1491	260	57.9833	13.5333
Träslövsläge	1383	200	57.0658	12.2828
Trångsund	0126	200	59.2333	18.1333
Trångsviken	2309	273	63.3333	14.0167
Tråvad	1470	490	58.2500	13.0833
Trönödal	2182	200	61.3248	17.0192
Tullinge	0127	200	59.2000	17.8833
Tumba	0127	46893	59.1986	17.8332
Tun	1494	200	58.4333	12.7333
Tungelsta	0136	200	59.1000	18.0331
Tving	1080	545	56.3000	15.4500
Tvärred	1491	200	57.8065	13.3973
Tvärålund	2404	337	64.1000	19.6833
Tvååker	1383	3265	57.0500	12.4000
Tygelsjö	1280	4126	55.5167	13.0000
Tyresö	0138	49179	59.2333	18.3000
Tyringe	1293	4752	56.1667	13.5833
Tystberga	0480	890	58.8500	17.2331
Täby	0160	77744	59.4439	18.0687
Tällberg	2029	933	60.8167	15.0000
Tänndalen	2361	200	62.5437	12.3327
Tännäs	2361	200	62.4415	12.6755
Tärendö	2521	200	67.1514	22.6368
Tärnaby	2421	415	65.7115	15.2584
Tärnsjö	0331	1179	60.1500	16.9333
Tävelsås	0780	382	56.7667	14.8167
Tågarp	1214	484	55.9333	12.9500
Töcksfors	1765	1292	59.5082	11.8443
Töllsjö	1443	428	57.8000	12.6333
Töre	2514	993	65.9124	22.6513
Töreboda	1473	4731	58.7074	14.1260
Tösse	1492	319	58.9667	12.6167
Ucklum	1415	761	58.0833	11.9500
Uddebo	1452	269	57.4667	13.2500
Uddeholm	1783	563	60.0167	13.6167
Uddevalla	1485	35639	58.3478	11.9424
Ullared	1382	879	57.1333	12.7167
Ullatti	2523	200	67.0167	21.8167
Ullånger	2282	745	62.9889	18.3611
Ulricehamn	1491	11794	57.7916	13.4142
Ulrika	0580	200	58.1167	15.4333
Ulvöhamn	2284	200	63.0167	18.6500
Umeå	2480	94243	63.8284	20.2597
Undenäs	1446	207	58.6500	14.4167
Undersåker	2321	645	63.3333	13.2667
Undrom	2283	200	63.1167	17.7333
Unnaryd	1315	699	56.9500	13.5167
Upphärad	1488	562	58.1667	12.2833
Upplands Väsby	0114	50323	59.5204	17.9083
Uppsala	0380	174982	59.8585	17.6454
Urshult	0763	924	56.5333	14.7833
Ursviken	2482	3999	64.7126	21.1658
Utansjö	2280	202	62.7814	17.9328
Uttran	0127	200	59.2000	17.8000
Utö	0136	200	58.9667	18.3331
Vadstena	0584	5802	58.4486	14.8897
Vaggeryd	0665	5761	57.4981	14.1484
Vagnhärad	0488	4109	58.9500	17.5167
Valbo	2180	200	60.6500	17.0333
Valdemarsvik	0563	2655	58.2031	16.6023
Valla	0483	1439	59.0167	16.3833
Vallberga	1381	788	56.4667	13.0167
Vallda	1384	3981	57.4775	12.0014
Vallentuna	0115	33918	59.5344	18.0776
Vallsta	2183	331	61.5333	16.3667
Vallvik	2182	217	61.1833	17.1833
Vallåkra	1283	866	56.0067	12.7805
Valskog	1960	692	59.4500	15.9500
Vankiva	1293	397	56.1833	13.7333
Vansbro	2021	2137	60.5089	14.2246
Vara	1470	4432	58.2623	12.9541
Varberg	1383	38575	57.1056	12.2508
Varekil	1421	933	58.1333	11.7000
Vargön	1487	4942	58.3560	12.3906
Varnhem	1495	700	58.3833	13.6500
Vartofta	1499	514	58.1000	13.6333
Vassmolösa	0880	530	56.6000	16.1667
Vattholma	0380	1058	60.0167	17.7333
Vaxholm	0187	6025	59.4022	18.3532
Veberöd	1281	5647	55.6333	13.4833
Veddige	1383	2284	57.2667	12.3167
Vederslöv	0780	200	56.7833	14.7333
Vedevåg	1885	669	59.5333	15.2833
Vedum	1470	945	58.1667	12.9833
Vega	0136	200	59.1882	18.1230
Vegby	1491	611	57.6833	13.3833
Veinge	1381	1444	56.5500	13.0667
Vejbystrand	1292	200	56.3167	12.7667
Vellinge	1233	7274	55.4712	13.0197
Vemdalen	2361	661	62.4500	13.8667
Vemhån	2361	200	62.3000	14.0333
Venjan	2062	206	60.9500	13.9167
Vessigebro	1382	875	56.9833	12.6500
Vetlanda	0685	13895	57.4289	15.0776
Vettasjärvi	2523	200	67.3667	21.6833
Vidsel	2560	389	65.8500	20.5167
Vikarbyn	2031	1191	60.9167	15.0167
Vikbolandet	0581	200	58.6062	16.2364
Viken	1284	5162	56.1500	12.5667
Vikingstad	0580	2734	58.3830	15.4320
Vikmanshyttan	2083	843	60.2833	15.8167
Viksjöfors	2121	258	61.3333	15.9500
Vilhelmina	2462	3245	64.6268	16.6563
Villands Vånga	1290	200	56.1833	14.3667
Vilshult	1060	268	56.3500	14.4667
Vimmerby	0884	8176	57.6659	15.8551
Vinberg	1382	648	56.9500	12.5333
Vindelgransele	2481	200	65.1000	18.2667
Vindeln	2404	2505	64.2017	19.7195
Vingåker	0428	4514	59.0433	15.8737
Vinninga	1494	1063	58.4500	13.2667
Vinslöv	1293	4113	56.1000	13.9167
Vintrosa	1814	3156	59.2818	15.0303
Virestad	0765	200	56.6167	14.3333
Virsbo	1907	1263	59.8667	16.0333
Virserum	0860	1698	57.3167	15.5833
Visby	0980	26305	57.6409	18.2960
Visingsö	0680	200	58.0167	14.3167
Viskafors	1490	2787	57.6333	12.8333
Vislanda	0764	1809	56.7833	14.4500
Vissefjärda	0862	601	56.5333	15.5833
Visseltofta	1273	200	56.4167	13.8500
Vistträsk	2560	215	65.6520	20.8647
Vitaby	1291	353	55.7000	14.1667
Vittaryd	0781	305	56.9667	13.9333
Vittinge	0331	616	59.9000	17.0667
Vittsjö	1293	1792	56.3333	13.6667
Vittskövle	1290	228	55.8500	14.1333
Vitå	2580	200	65.9167	22.4000
Vollsjö	1265	945	55.7000	13.7667
Vormsele	2481	200	64.9000	18.6833
Voxnabruk	2121	200	61.3667	15.5000
Vrena	0480	639	58.8667	16.6833
Vreta Kloster	0583	200	58.4833	15.5167
Vretstorp	1861	941	59.0333	14.8667
Vrigstad	0684	1477	57.3500	14.4667
Vuollerim	2510	591	66.4304	20.6243
Väckelsång	0763	946	56.6333	14.9167
Väddö	0188	200	59.9833	18.8167
Väderstad	0586	544	58.3167	14.9167
Väja	2282	200	62.9833	17.6833
Vällingby	0180	200	59.3644	17.8741
Vänersborg	1487	24731	58.3807	12.3234
Vänge	0380	1259	59.8730	17.5757
Vännäs	2460	4585	63.9068	19.7571
Vännäsby	2460	1763	63.9333	19.8333
Värends Nöbbele	0780	200	56.8951	14.8858
Väring	1496	669	58.5000	13.9500
Värmdö	0120	46635	59.3500	18.5000
Värmlands Nysäter	1785	200	59.3000	12.7667
Värmskog	1785	200	59.3667	12.9333
Värnamo	0683	20273	57.1860	14.0400
Värsås	1496	582	58.3500	14.0500
Väröbacka	1383	850	57.2500	12.1833
Väse	1780	566	59.3806	13.6135
Västerfärnebo	1981	509	59.9500	16.2833
Västerhaninge	0136	31941	59.1167	18.1000
Västerlanda	1462	200	58.1000	12.1167
Västerljung	0488	378	58.9167	17.4333
Västervik	0883	21615	57.7584	16.6373
Västerås	1980	131643	59.6162	16.5528
Västra Frölunda	1480	200	57.6467	11.9294
Västra Karup	1278	604	56.4167	12.7500
Västra Torup	1293	205	56.1500	13.4833
Västra Tunhem	1487	200	58.2997	12.4000
Västra Ämtervik	1766	363	59.7333	13.1333
Vätö	0188	200	59.8167	18.9167
Växjö	0780	74052	56.8777	14.8091
Vålberg	1780	2764	59.4000	13.1667
Vålådalen	2321	200	63.1667	12.9667
Våmhus	2062	808	61.1333	14.4667
Vårby	0126	200	59.2667	17.8833
Vårgårda	1442	6198	58.0371	12.8091
Våxtorp	1381	1098	56.4333	13.1000
Yngsjö	1290	758	55.8833	14.2167
Ystad	1286	21259	55.4297	13.8204
Ytterby	1482	200	57.8667	11.9167
Ytterhogdal	2361	472	62.1833	14.9500
Zinkgruvan	1882	334	58.8167	15.0833
Älandsbro	2280	888	62.6667	17.8333
Älekulla	1463	200	57.3500	12.7000
Älgarås	1473	341	58.8000	14.2333
Älghult	0760	416	57.0167	15.5667
Älmeboda	0862	200	56.5833	15.2500
Älmestad	1491	200	57.9167	13.3333
Älmhult	0765	11053	56.5515	14.1383
Älta	0182	200	59.2667	18.1833
Älvdalen	2039	1871	61.2277	14.0393
Älvkarleby	0319	1506	60.5708	17.4489
Älvsbyn	2560	4923	65.6762	21.0016
Älvsered	1382	442	57.2333	12.8667
Älvsjö	0180	200	59.2793	18.0111
Älvängen	1440	6634	57.9667	12.1167
Äng	0682	293	57.7000	14.5667
Ängelholm	1292	31089	56.2428	12.8622
Ängelsberg	1982	200	59.9667	16.0000
Äppelbo	2021	477	60.4833	14.0000
Ärla	0484	1244	59.2833	16.6667
Äspered	1490	330	57.7500	13.1833
Äsperöd	1265	229	55.6167	13.9167
Ätran	1382	393	57.1167	12.9500
Åby	0581	7173	58.6667	16.1833
Åhus	1290	10877	55.9167	14.2833
Åkarp	1231	6394	55.6540	13.1111
Åkers Styckebruk	0486	200	59.2500	17.0833
Åkersberga	0117	37714	59.4794	18.2997
Åled	1380	1883	56.7500	12.9333
Ålem	0861	200	56.9500	16.3833
Åmmeberg	1882	443	58.8667	15.0000
Åmotfors	1730	1388	59.7667	12.3667
Åmotsbruk	2183	200	60.9147	16.6611
Åmsele	2404	200	64.5333	19.3333
Åmål	1492	8954	59.0510	12.7049
Ånge	2260	2688	62.5250	15.6590
Ånimskog	1492	200	58.8833	12.5667
Ånäset	2409	598	64.2667	21.0500
Åre	2321	3699	63.3984	13.0802
Årjäng	1765	3328	59.3922	12.1334
Årsta	0180	200	59.3000	18.0500
Årsunda	2181	985	60.5333	16.7333
Åryd	0780	710	56.8472	14.8962
Ås	2309	1589	63.2500	14.5667
Åsa	1384	6102	57.3500	12.1167
Åsarna	2326	200	62.6500	14.3500
Åsarp	1499	583	58.0333	13.5667
Åsbro	1882	1460	59.0000	15.0500
Åseda	0760	2713	57.1701	15.3443
Åsele	2463	1633	63.9592	17.2741
Åsenhöga	0617	200	57.4000	13.8000
Åsensbruk	1461	620	58.7997	12.4167
Åshammar	2181	666	60.6500	16.5333
Åsljunga	1257	759	56.3167	13.3667
Åstol	1419	200	57.9167	11.5833
Åstorp	1277	10063	56.1357	12.9443
Åtorp	1862	200	59.1167	14.3500
Åtvidaberg	0561	6963	58.2015	15.9977
Öckerö	1407	12771	57.6923	11.6506
Ödeborg	1439	575	58.5451	11.9746
Ödeshög	0509	2646	58.2295	14.6529
Ödskölt	1460	200	58.8844	11.9857
Ödsmål	1415	1414	58.1000	11.8500
Ödåkra	1283	5768	56.0600	12.7041
Ödåkra-Väla	1283	200	56.0786	12.8000
Öje	2023	200	60.8167	13.8500
Öjebyn	2581	200	65.3500	21.4000
Öjersjö	1402	200	57.7000	12.1167
Ölsremma	1452	200	57.6167	13.6000
Önnestad	1290	1393	56.0500	14.0167
Örby	1463	200	57.4833	12.7000
Örbyhus	0360	2276	60.2333	17.7000
Örebro	1880	128658	59.2741	15.2066
Öregrund	0382	1571	60.0921	17.9099
Örkelljunga	1257	5507	56.2834	13.2777
Örnsköldsvik	2284	33399	63.2909	18.7153
Örsjö	0881	379	56.7000	15.7500
Örsundsbro	0381	1423	59.7139	17.2917
Örträsk	2481	200	64.1333	18.9833
Örviken	2482	442	64.6833	21.2000
Ösmo	0192	3988	58.9833	17.9000
Östansjö	1861	831	59.0500	14.9833
Östavall	2260	200	62.4333	15.4667
Österbybruk	0382	2344	60.2000	17.9000
Österbymo	0512	862	57.8246	15.2736
Österfärnebo	2181	456	60.3000	16.8000
Österskär	0117	200	59.4671	18.3062
Östersund	2380	53992	63.1792	14.6357
Östervåla	0331	1850	60.1833	17.1833
Östhammar	0382	4986	60.2591	18.3741
Östmark	1737	200	60.2833	12.7500
Östra Frölunda	1465	310	57.3333	13.0167
Östra Karup	1278	200	56.4167	12.9500
Östra Ljungby	1276	1812	56.1833	13.0667
Östra Ryd	0582	439	58.4000	16.1500
Östra Sönnarslöv	1290	268	55.8833	14.0167
Östra Ämtervik	1766	200	59.8438	13.1354
Överhörnäs	2284	200	63.3000	18.5500
Överkalix	2513	993	66.3275	22.8441
Överlida	1465	488	57.3500	12.8833
Övertorneå	2518	1651	66.3878	23.6543
Överum	0883	1096	57.9833	16.3167
Öxabäck	1463	329	57.4000	12.8000
Öxnevalla	1463	200	57.3810	12.4929
