code	name	municipality	population	lat	lon
0100820	Alabaster	01117	34748	33.214355	-86.82308
0102956	Athens	01083	34209	34.782731	-86.951098
0103076	Auburn	01081	85113	32.607122	-85.490959
0107000	Birmingham	01073	195893	33.527174	-86.797036
0119648	Daphne	01003	31396	30.631318	-87.880088
0120104	Decatur	01103	58056	34.572995	-86.989901
0121184	Dothan	01069	72060	31.233698	-85.406823
0124184	Enterprise	01031	31211	31.325529	-85.846071
0125240	Fairhope	01003	26625	30.518973	-87.879177
0126896	Florence	01077	42581	34.82981	-87.662202
0126992	Foley	01003	30354	30.397071	-87.668458
0128696	Gadsden	01055	33367	34.006597	-86.016078
0135800	Homewood	01073	28118	33.45855	-86.80965
0135896	Hoover	01073	93550	33.375128	-86.809416
0137000	Huntsville	01089	233627	34.68874	-86.675075
0145784	Madison	01089	67968	34.710533	-86.76228
0150000	Mobile	01097	200824	30.668246	-88.107853
0151000	Montgomery	01101	195300	32.346251	-86.268593
0155200	Northport	01125	31648	33.25757	-87.596396
0157048	Opelika	01081	35765	32.660739	-85.37889
0158848	Pelham	01117	25664	33.331186	-86.730643
0159472	Phenix City	01113	38344	32.453878	-85.030947
0162328	Prattville	01001	40582	32.459935	-86.457778
0176944	Trussville	01073	27273	33.655338	-86.563001
0177256	Tuscaloosa	01125	114316	33.234404	-87.5283
0178552	Vestavia Hills	01073	38306	33.462742	-86.739569
0203000	Anchorage	02020	287155	61.17425	-149.284329
0224230	Fairbanks	02090	31468	64.838559	-147.651483
0236400	Juneau	02110	31609	58.372904	-134.178438
0402830	Apache Junction	04021	45672	33.382718	-111.540534
0404720	Avondale	04013	100983	33.313646	-112.331314
0407940	Buckeye	04013	125445	33.431573	-112.641626
0408220	Bullhead City	04015	43987	35.127371	-114.55599
0410530	Casa Grande	04021	69753	32.905527	-111.763948
0412000	Chandler	04013	278748	33.282765	-111.851819
0422220	El Mirage	04013	35820	33.590224	-112.327102
0423620	Flagstaff	04005	77260	35.186367	-111.620367
0423760	Florence	04021	25222	33.069415	-111.413993
0427400	Gilbert	04013	287285	33.312996	-111.742422
0427820	Glendale	04013	260572	33.533111	-112.189901
0428380	Goodyear	04013	125359	33.254031	-112.366472
0437620	Kingman	04015	35829	35.216992	-114.010529
0439370	Lake Havasu City	04015	59358	34.499809	-114.310943
0444270	Marana	04019	65523	32.465842	-111.134697
0444410	Maricopa	04021	78362	33.041316	-112.005749
0446000	Mesa	04013	513656	33.399355	-111.715968
0451600	Oro Valley	04019	48085	32.420713	-110.977
0454050	Peoria	04013	200881	33.797498	-112.339284
0455000	Phoenix	04013	1665481	33.572154	-112.090132
0457380	Prescott	04025	48420	34.592172	-112.446649
0457450	Prescott Valley	04025	52423	34.59793	-112.318497
0458150	Queen Creek	04013	89770	33.239425	-111.613319
0462140	Sahuarita	04019	37694	31.932238	-110.965395
0463470	San Luis	04027	42030	32.485678	-114.721947
0465000	Scottsdale	04013	243006	33.684272	-111.861448
0466820	Sierra Vista	04003	44907	31.563875	-110.313192
0471510	Surprise	04013	175304	33.67078	-112.452637
0473000	Tempe	04013	190571	33.388414	-111.931782
0477000	Tucson	04019	548371	32.152831	-110.87075
0485540	Yuma	04027	105227	32.51144	-114.526787
0504840	Bella Vista	05007	34518	36.467297	-94.26557
0505290	Benton	05125	38898	34.577424	-92.572583
0505320	Bentonville	05007	63057	36.351851	-94.231767
0510300	Cabot	05085	27711	34.975106	-92.028288
0512820	Centerton	05007	27176	36.355148	-94.297692
0515190	Conway	05045	72328	35.074774	-92.467402
0523290	Fayetteville	05143	106623	36.071451	-94.166679
0524550	Fort Smith	05131	90855	35.349276	-94.370883
0533400	Hot Springs	05051	37979	34.489442	-93.050254
0534750	Jacksonville	05119	29460	34.877908	-92.131475
0535710	Jonesboro	05031	83296	35.819755	-90.679033
0541000	Little Rock	05119	206427	34.723218	-92.356264
0550450	North Little Rock	05119	65120	34.781752	-92.235057
0553390	Paragould	05055	31135	36.052188	-90.510541
0555310	Pine Bluff	05069	38213	34.211591	-92.017555
0560410	Rogers	05007	76956	36.318085	-94.152287
0561670	Russellville	05115	29521	35.276876	-93.137515
0563800	Sherwood	05119	33620	34.852029	-92.204483
0566080	Springdale	05143	90685	36.191438	-94.155062
0568810	Texarkana	05091	29123	33.436339	-93.987118
0600296	Adelanto	06071	38798	34.582286	-117.439448
0600562	Alameda	06001	76876	37.74229	-122.2605
0600884	Alhambra	06037	79820	34.083571	-118.136444
0600947	Aliso Viejo	06059	49844	33.57921	-117.728898
0602000	Anaheim	06059	341008	33.855502	-117.758657
0602252	Antioch	06013	118958	37.978418	-121.798345
0602364	Apple Valley	06071	75247	34.533376	-117.210358
0602462	Arcadia	06037	54117	34.132689	-118.036347
0603064	Atascadero	06079	29464	35.485718	-120.687942
0603162	Atwater	06047	32133	37.350672	-120.594258
0603386	Azusa	06037	47447	34.138524	-117.912253
0603526	Bakersfield	06029	422165	35.353174	-119.037878
0603820	Banning	06065	31852	33.945903	-116.899044
0604758	Beaumont	06065	60835	33.884946	-116.9538
0604982	Bellflower	06037	74719	33.887821	-118.12725
0604996	Bell Gardens	06037	37367	33.964379	-118.154437
0605108	Belmont	06081	28752	37.514398	-122.294475
0605290	Benicia	06095	26401	38.072733	-122.155169
0606000	Berkeley	06001	121911	37.865673	-122.298725
0606308	Beverly Hills	06037	30764	34.07923	-118.402437
0608058	Brawley	06025	28008	32.978454	-115.528569
0608100	Brea	06059	47260	33.925178	-117.865111
0608142	Brentwood	06013	66607	37.935578	-121.71897
0608786	Buena Park	06059	81741	33.857353	-118.007373
0608954	Burbank	06037	102988	34.190079	-118.326405
0609710	Calexico	06025	38623	32.684859	-115.494738
0610046	Camarillo	06111	68652	34.221823	-119.032154
0610345	Campbell	06085	42490	37.280244	-121.953296
0611194	Carlsbad	06073	112260	33.128001	-117.285541
0611530	Carson	06037	90808	33.840367	-118.249574
0612048	Cathedral City	06065	52375	33.835487	-116.463103
0612524	Ceres	06099	48982	37.598762	-120.968047
0612552	Cerritos	06037	46367	33.867745	-118.069471
0613014	Chico	06007	105081	39.758951	-121.81772
0613210	Chino	06071	96957	33.976342	-117.674544
0613214	Chino Hills	06071	77519	33.945085	-117.725178
0613392	Chula Vista	06073	275533	32.62767	-117.01517
0613588	Citrus Heights	06067	86348	38.69481	-121.287953
0613756	Claremont	06037	35838	34.124926	-117.71392
0614218	Clovis	06019	129347	36.828967	-119.684922
0614260	Coachella	06065	45411	33.690128	-116.144435
0614890	Colton	06071	53383	34.049061	-117.328715
0615044	Compton	06037	90500	33.894047	-118.227469
0616000	Concord	06013	123261	37.972184	-122.001587
0616350	Corona	06065	161734	33.861969	-117.565495
0616532	Costa Mesa	06059	108881	33.665905	-117.912336
0616742	Covina	06037	49404	34.090475	-117.882143
0617568	Culver City	06037	39452	34.00582	-118.396781
0617610	Cupertino	06085	58333	37.3194	-122.044957
0617750	Cypress	06059	48781	33.818477	-118.038307
0617918	Daly City	06081	101261	37.701684	-122.464968
0617946	Dana Point	06059	32232	33.475452	-117.693087
0617988	Danville	06013	43302	37.812142	-121.969824
0618100	Davis	06113	66110	38.556147	-121.737793
0618394	Delano	06029	52334	35.76643	-119.264221
0618996	Desert Hot Springs	06065	34009	33.957591	-116.542284
0619192	Diamond Bar	06037	51884	34.001573	-117.817601
0619318	Dinuba	06107	25949	36.545096	-119.398882
0619766	Downey	06037	108468	33.938237	-118.130856
0620018	Dublin	06001	71602	37.716153	-121.896217
0621230	Eastvale	06065	70594	33.963274	-117.582369
0621712	El Cajon	06073	101755	32.801673	-116.960468
0621782	El Centro	06025	44382	32.786351	-115.560206
0621796	El Cerrito	06013	26121	37.919574	-122.302519
0622020	Elk Grove	06067	185007	38.414621	-121.384961
0622230	El Monte	06037	105075	34.074633	-118.029136
0622300	El Paso de Robles (Paso Robles)	06079	31626	35.628156	-120.650076
0622678	Encinitas	06073	60736	33.050632	-117.263616
0622804	Escondido	06073	146030	33.133053	-117.074043
0623042	Eureka	06023	25304	40.799002	-124.153955
0623182	Fairfield	06095	122489	38.261965	-122.032389
0624638	Folsom	06067	91983	38.666857	-121.142279
0624680	Fontana	06071	221223	34.109686	-117.462888
0625338	Foster City	06081	32411	37.56482	-122.250782
0625380	Fountain Valley	06059	55508	33.710582	-117.951129
0626000	Fremont	06001	226442	37.494713	-121.941145
0627000	Fresno	06019	555549	36.782697	-119.796184
0628000	Fullerton	06059	138675	33.885716	-117.928025
0628112	Galt	06067	26964	38.268458	-121.298952
0628168	Gardena	06037	58460	33.894417	-118.307522
0629000	Garden Grove	06059	170455	33.778782	-117.960472
0629504	Gilroy	06085	60764	37.006407	-121.585321
0630000	Glendale	06037	187160	34.181393	-118.24583
0630014	Glendora	06037	49671	34.144964	-117.847804
0630378	Goleta	06083	32401	34.435441	-119.858946
0631960	Hanford	06031	62229	36.328146	-119.654779
0632548	Hawthorne	06037	82741	33.914775	-118.348083
0633000	Hayward	06001	157113	37.626826	-122.104015
0633182	Hemet	06065	93649	33.734068	-116.996808
0633308	Hercules	06013	26326	38.021427	-122.288929
0633434	Hesperia	06071	102605	34.397038	-117.315198
0633588	Highland	06071	57614	34.113473	-117.165729
0634120	Hollister	06069	45695	36.855618	-121.399545
0636000	Huntington Beach	06059	191451	33.698007	-118.003834
0636056	Huntington Park	06037	51544	33.979248	-118.217438
0636294	Imperial Beach	06073	25206	32.565354	-117.114567
0636448	Indio	06065	94269	33.731639	-116.235971
0636546	Inglewood	06037	101662	33.956068	-118.344274
0636770	Irvine	06059	318764	33.678399	-117.771254
0637692	Jurupa Valley	06065	107311	34.002591	-117.467612
0639122	Lafayette	06013	25313	37.88979	-122.119732
0639220	Laguna Hills	06059	30020	33.590786	-117.696386
0639248	Laguna Niguel	06059	64107	33.530054	-117.70294
0639290	La Habra	06059	60908	33.927926	-117.952641
0639486	Lake Elsinore	06065	75067	33.685956	-117.335404
0639496	Lake Forest	06059	86333	33.654946	-117.675848
0639892	Lakewood	06037	78010	33.847135	-118.121894
0640004	La Mesa	06073	59914	32.771343	-117.016133
0640032	La Mirada	06037	45952	33.902045	-118.008961
0640130	Lancaster	06037	170084	34.693558	-118.175305
0640340	La Puente	06037	36423	34.031797	-117.954089
0640354	La Quinta	06065	39440	33.637054	-116.270764
0640704	Lathrop	06077	42783	37.808666	-121.317765
0640830	La Verne	06037	30178	34.120521	-117.769928
0640886	Lawndale	06037	29892	33.888435	-118.353143
0641124	Lemon Grove	06073	27936	32.733066	-117.034421
0641152	Lemoore	06031	27291	36.295257	-119.797296
0641474	Lincoln	06061	57367	38.87794	-121.304012
0641992	Livermore	06001	83457	37.686977	-121.759781
0642202	Lodi	06077	69100	38.12161	-121.290765
0642370	Loma Linda	06071	25221	34.043287	-117.246647
0642524	Lompoc	06083	43315	34.662689	-120.470837
0643000	Long Beach	06037	450469	33.780791	-118.16818
0643280	Los Altos	06085	30965	37.368434	-122.096571
0644000	Los Angeles	06037	3869089	34.019394	-118.410825
0644028	Los Banos	06047	49614	37.063442	-120.838438
0644112	Los Gatos	06085	32576	37.226848	-121.955506
0644574	Lynwood	06037	63512	33.923959	-118.201655
0645022	Madera	06039	69017	36.966182	-120.085879
0645400	Manhattan Beach	06037	33122	33.892367	-118.416573
0645484	Manteca	06077	96693	37.792839	-121.226076
0646114	Martinez	06013	36849	37.998186	-122.114185
0646842	Menifee	06065	118592	33.689858	-117.184383
0646870	Menlo Park	06081	32713	37.479731	-122.148055
0646898	Merced	06047	99724	37.31138	-120.470408
0647766	Milpitas	06085	78596	37.433136	-121.890934
0648256	Mission Viejo	06059	90484	33.609335	-117.656471
0648354	Modesto	06099	219652	37.637533	-121.003049
0648648	Monrovia	06037	38264	34.163246	-117.984097
0648788	Montclair	06071	37563	34.071465	-117.698078
0648816	Montebello	06037	60693	34.015444	-118.111012
0648872	Monterey	06053	28953	36.601233	-121.882789
0648914	Monterey Park	06037	57457	34.04838	-118.133165
0649138	Moorpark	06111	35023	34.285942	-118.87704
0649270	Moreno Valley	06065	214263	33.923253	-117.205685
0649278	Morgan Hill	06085	45625	37.132495	-121.641891
0649670	Mountain View	06085	85438	37.399686	-122.079269
0650076	Murrieta	06065	114124	33.573214	-117.191007
0650258	Napa	06055	76562	38.297118	-122.301008
0650398	National City	06073	57807	32.665217	-117.098784
0650916	Newark	06001	47895	37.503867	-122.032309
0651182	Newport Beach	06059	81977	33.626595	-117.865486
0651560	Norco	06065	25081	33.925519	-117.551958
0652526	Norwalk	06037	97104	33.9076	-118.083453
0652582	Novato	06041	51947	38.085087	-122.548272
0653000	Oakland	06001	440838	37.769936	-122.225686
0653070	Oakley	06013	47583	37.996149	-121.682051
0653322	Oceanside	06073	170483	33.224706	-117.306697
0653896	Ontario	06071	187013	34.037042	-117.605956
0653980	Orange	06059	138365	33.786971	-117.861265
0654652	Oxnard	06111	199651	34.199436	-119.207515
0654806	Pacifica	06081	36890	37.60697	-122.482871
0655156	Palmdale	06037	161845	34.591038	-118.105403
0655184	Palm Desert	06065	53259	33.737635	-116.364145
0655254	Palm Springs	06065	45315	33.803707	-116.538282
0655282	Palo Alto	06085	67609	37.39652	-122.143088
0655618	Paramount	06037	50755	33.899749	-118.16656
0656000	Pasadena	06037	135804	34.160602	-118.137954
0656112	Patterson	06099	26587	37.478511	-121.154523
0656700	Perris	06065	83237	33.789849	-117.222171
0656784	Petaluma	06097	59688	38.241983	-122.628612
0656924	Pico Rivera	06037	58915	33.989453	-118.088952
0657456	Pittsburg	06013	77542	38.01769	-121.900395
0657526	Placentia	06059	54911	33.881158	-117.854783
0657764	Pleasant Hill	06013	34017	37.954162	-122.076295
0657792	Pleasanton	06001	74556	37.667185	-121.88123
0658072	Pomona	06037	147807	34.058494	-117.761091
0658240	Porterville	06107	63088	36.063542	-119.0336
0658520	Poway	06073	49180	32.987677	-117.021814
0659444	Rancho Cordova	06067	87554	38.577278	-121.236225
0659451	Rancho Cucamonga	06071	177856	34.130306	-117.566067
0659514	Rancho Palos Verdes	06037	39654	33.738517	-118.369685
0659587	Rancho Santa Margarita	06059	45779	33.632332	-117.599008
0659920	Redding	06089	94092	40.570277	-122.366766
0659962	Redlands	06071	74128	34.053506	-117.170476
0660018	Redondo Beach	06037	67281	33.849538	-118.400755
0660102	Redwood City	06081	82178	37.515274	-122.213672
0660242	Reedley	06019	26982	36.598364	-119.446687
0660466	Rialto	06071	106554	34.117427	-117.389211
0660620	Richmond	06013	114861	37.952278	-122.360609
0660704	Ridgecrest	06029	28333	35.628542	-117.663992
0661068	Riverbank	06099	26557	37.726022	-120.94484
0662000	Riverside	06065	323057	33.938143	-117.393168
0662364	Rocklin	06061	76821	38.806868	-121.249696
0662546	Rohnert Park	06097	44811	38.347617	-122.700896
0662896	Rosemead	06037	49410	34.06888	-118.08268
0662938	Roseville	06061	167302	38.770296	-121.319634
0664000	Sacramento	06067	536449	38.567694	-121.468161
0664224	Salinas	06053	159134	36.690217	-121.633793
0665000	San Bernardino	06071	222044	34.14114	-117.294635
0665028	San Bruno	06081	42305	37.62556	-122.431397
0665042	San Buenaventura (Ventura)	06111	109914	34.26778	-119.254206
0665070	San Carlos	06081	29261	37.499034	-122.267572
0665084	San Clemente	06059	62226	33.449143	-117.61312
0666000	San Diego	06073	1406106	32.830391	-117.120923
0666070	San Dimas	06037	32978	34.107957	-117.808529
0667000	San Francisco	06075	826079	37.727239	-123.032229
0667042	San Gabriel	06037	38186	34.094636	-118.098469
0667056	Sanger	06019	27228	36.700864	-119.55773
0667112	San Jacinto	06065	56014	33.798864	-116.995914
0668000	San Jose	06085	989814	37.296011	-121.814552
0668028	San Juan Capistrano	06059	35119	33.500889	-117.654388
0668084	San Leandro	06001	85353	37.703395	-122.16299
0668154	San Luis Obispo	06079	50636	35.266195	-120.668438
0668196	San Marcos	06073	94908	33.133826	-117.170581
0668252	San Mateo	06081	103337	37.56031	-122.3106
0668364	San Rafael	06041	59410	37.981003	-122.50693
0668378	San Ramon	06013	86209	37.766626	-121.929151
0669000	Santa Ana	06059	315586	33.736787	-117.882906
0669070	Santa Barbara	06083	86422	34.403592	-119.713714
0669084	Santa Clara	06085	133446	37.364621	-121.967973
0669088	Santa Clarita	06037	228430	34.416479	-118.500699
0669112	Santa Cruz	06087	61797	36.974385	-122.035268
0669196	Santa Maria	06083	111390	34.933076	-120.443559
0670000	Santa Monica	06037	90082	34.010911	-118.498245
0670042	Santa Paula	06111	31774	34.354941	-119.066271
0670098	Santa Rosa	06097	179437	38.445824	-122.706181
0670224	Santee	06073	58205	32.85499	-116.986056
0670280	Saratoga	06085	30418	37.268328	-122.026223
0670742	Seaside	06053	31636	36.624066	-121.818318
0672016	Simi Valley	06111	124861	34.266887	-118.748458
0672520	Soledad	06053	26357	36.434522	-121.317759
0673080	South Gate	06037	90071	33.944159	-118.192761
0673220	South Pasadena	06037	25503	34.108967	-118.156618
0673262	South San Francisco	06081	64941	37.655104	-122.376234
0673962	Stanton	06059	40161	33.800233	-117.993449
0675000	Stockton	06077	324597	37.976553	-121.308598
0675630	Suisun City	06095	29454	38.248334	-122.010066
0677000	Sunnyvale	06085	156577	37.385797	-122.026316
0678120	Temecula	06065	114865	33.492915	-117.134593
0678148	Temple City	06037	35125	34.102156	-118.057971
0678582	Thousand Oaks	06111	122230	34.19329	-118.874235
0680000	Torrance	06037	138391	33.830453	-118.356618
0680238	Tracy	06077	101901	37.727396	-121.452195
0680644	Tulare	06107	73907	36.20024	-119.336051
0680812	Turlock	06099	72864	37.505524	-120.859269
0680854	Tustin	06059	77843	33.730921	-117.810591
0680994	Twentynine Palms	06071	25939	34.147804	-116.065991
0681204	Union City	06001	65282	37.602759	-122.01884
0681344	Upland	06071	79446	34.116073	-117.659922
0681554	Vacaville	06095	103850	38.358621	-121.968601
0681666	Vallejo	06095	123287	38.106909	-122.262339
0682590	Victorville	06071	141395	34.527735	-117.353579
0682954	Visalia	06107	146541	36.32921	-119.326984
0682996	Vista	06073	98274	33.189532	-117.23858
0683332	Walnut	06037	27316	34.037049	-117.855779
0683346	Walnut Creek	06013	70012	37.902666	-122.040479
0683542	Wasco	06029	26525	35.593785	-119.367101
0683668	Watsonville	06087	50716	36.923587	-121.772395
0684200	West Covina	06037	105301	34.055941	-117.909937
0684550	Westminster	06059	88966	33.752308	-117.993982
0684816	West Sacramento	06113	56216	38.554368	-121.548663
0685292	Whittier	06037	85815	33.966827	-118.020122
0685446	Wildomar	06065	37889	33.617278	-117.258312
0685922	Windsor	06097	25864	38.542099	-122.808613
0686328	Woodland	06113	62513	38.671543	-121.750501
0686832	Yorba Linda	06059	65632	33.889038	-117.77207
0686972	Yuba City	06101	69485	39.129842	-121.641549
0687042	Yucaipa	06071	54953	34.03357	-117.042887
0803455	Arvada	08059	122901	39.833767	-105.15027
0804000	Aurora	08005	410053	39.688296	-104.6894
0807850	Boulder	08013	105689	40.024431	-105.251251
0808675	Brighton	08001	45395	39.965676	-104.794056
0809280	Broomfield	08014	79174	39.953877	-105.050898
0812415	Castle Rock	08035	83815	39.376601	-104.850374
0812815	Centennial	08005	108658	39.590594	-104.863519
0816000	Colorado Springs	08041	494743	38.867255	-104.760749
0816495	Commerce City	08001	72345	39.882792	-104.794908
0820000	Denver	08031	740613	39.76185	-104.881105
0824785	Englewood	08005	35305	39.646979	-104.994465
0824950	Erie	08123	40904	40.040287	-105.03831
0827425	Fort Collins	08069	171500	40.548405	-105.064988
0827865	Fountain	08041	29450	38.689379	-104.680518
0831660	Grand Junction	08077	71827	39.089062	-108.567452
0832155	Greeley	08123	115073	40.417205	-104.772887
0841835	Lafayette	08013	30116	39.994814	-105.099676
0843000	Lakewood	08059	156927	39.698939	-105.117573
0845255	Littleton	08005	46246	39.590375	-105.020084
0845970	Longmont	08013	100109	40.168199	-105.100522
0846465	Loveland	08069	81387	40.416905	-105.063111
0857630	Parker	08035	65985	39.509209	-104.771897
0862000	Pueblo	08101	110404	38.267479	-104.613429
0877290	Thornton	08001	147766	39.920433	-104.941413
0883835	Westminster	08001	116182	39.880122	-105.061513
0884440	Wheat Ridge	08059	32081	39.772675	-105.104801
0885485	Windsor	08123	43840	40.478187	-104.91526
0908000	Bridgeport	09120	152273	41.187393	-73.195757
0908420	Bristol	09140	62341	41.681578	-72.940749
0918430	Danbury	09190	89033	41.398741	-73.478103
0937000	Hartford	09110	121981	41.765933	-72.681579
0946450	Meriden	09170	60810	41.536777	-72.794543
0947290	Middletown	09130	48439	41.548611	-72.656784
0947515	Milford	09170	51215	41.223644	-73.064563
0949880	Naugatuck	09140	32230	41.487785	-73.051551
0950370	New Britain	09110	76286	41.676555	-72.786161
0952000	New Haven	09170	138774	41.310809	-72.924953
0952280	New London	09180	28003	41.332957	-72.096176
0955990	Norwalk	09190	94508	41.092739	-73.419796
0956200	Norwich	09180	40001	41.548006	-72.089454
0968100	Shelton	09140	42880	41.304577	-73.139215
0973000	Stamford	09190	139535	41.079615	-73.546144
0976500	Torrington	09160	35796	41.83414	-73.13138
0980000	Waterbury	09140	115771	41.5585	-73.036685
0982800	West Haven	09170	55351	41.272121	-72.967497
1021200	Dover	10001	40592	39.160602	-75.521659
1047030	Middletown	10003	25798	39.441739	-75.717383
1050670	Newark	10003	30359	39.677649	-75.757479
1077580	Wilmington	10003	73512	39.735651	-75.532104
1150000	Washington	11001	693645	38.904243	-77.016524
1200950	Altamonte Springs	12117	48000	28.659507	-81.394299
1201700	Apopka	12095	65552	28.701701	-81.531825
1202681	Aventura	12086	39880	25.960133	-80.132977
1207300	Boca Raton	12099	101582	26.370809	-80.102558
1207525	Bonita Springs	12071	57634	26.353754	-81.783392
1207875	Boynton Beach	12099	82396	26.526785	-80.08064
1207950	Bradenton	12081	58014	27.489798	-82.576804
1210275	Cape Coral	12071	236264	26.643192	-81.997364
1211050	Casselberry	12117	31872	28.661183	-81.321926
1212875	Clearwater	12103	114364	27.979419	-82.771256
1212925	Clermont	12069	52812	28.524105	-81.723614
1213275	Coconut Creek	12011	58626	26.280943	-80.184718
1214250	Coral Gables	12086	49578	25.673673	-80.262966
1214400	Coral Springs	12011	138783	26.270722	-80.259301
1215475	Crestview	12091	31193	30.747932	-86.579275
1215968	Cutler Bay	12086	44750	25.576148	-80.334007
1216335	Dania Beach	12011	32791	26.054313	-80.164674
1216475	Davie	12011	110851	26.079169	-80.283013
1216525	Daytona Beach	12127	88471	29.19071	-81.097083
1216725	Deerfield Beach	12011	89339	26.311716	-80.125378
1216875	DeLand	12127	46346	29.022663	-81.286498
1217100	Delray Beach	12099	69809	26.455903	-80.09042
1217200	Deltona	12127	100267	28.905121	-81.210978
1217935	Doral	12086	81634	25.814768	-80.357371
1218575	Dunedin	12103	35227	28.038054	-82.794776
1221150	Estero	12071	38365	26.425585	-81.799539
1221350	Eustis	12069	25483	28.857172	-81.676824
1224000	Fort Lauderdale	12011	188677	26.141227	-80.146731
1224125	Fort Myers	12071	101581	26.620074	-81.829547
1224300	Fort Pierce	12111	51737	27.425567	-80.340377
1225175	Gainesville	12001	148671	29.678887	-82.346212
1227322	Greenacres	12099	44736	26.627139	-80.136009
1227800	Groveland	12069	25526	28.642907	-81.794519
1228400	Haines City	12105	45973	28.112817	-81.616537
1228452	Hallandale Beach	12011	42698	25.983955	-80.140766
1230000	Hialeah	12086	230968	25.869941	-80.302865
1232000	Hollywood	12011	157019	26.030967	-80.164609
1232275	Homestead	12086	86242	25.46591	-80.445997
1235000	Jacksonville	12031	1017689	30.335914	-81.661762
1235875	Jupiter	12099	62350	26.920473	-80.119372
1236950	Kissimmee	12097	85591	28.306228	-81.413491
1238250	Lakeland	12105	125520	28.055496	-81.954772
1239081	Lake Worth Beach	12099	43970	26.61972	-80.058718
1239425	Largo	12103	80690	27.907665	-82.773941
1239550	Lauderhill	12011	75668	26.161619	-80.225054
1239875	Leesburg	12069	38905	28.717206	-81.903089
1243125	Margate	12011	60070	26.248037	-80.211169
1243975	Melbourne	12009	87097	28.110438	-80.662717
1245000	Miami	12086	489812	25.775163	-80.208615
1245025	Miami Beach	12086	81594	25.811443	-80.14492
1245060	Miami Gardens	12086	113579	25.948687	-80.243623
1245100	Miami Lakes	12086	33067	25.912739	-80.320422
1245975	Miramar	12011	142570	25.972583	-80.338523
1248625	New Smyrna Beach	12127	33182	29.02936	-80.95486
1249425	North Lauderdale	12011	45733	26.21245	-80.221392
1249450	North Miami	12086	60884	25.90079	-80.168549
1249475	North Miami Beach	12086	46236	25.929996	-80.165179
1249675	North Port	12115	96551	27.058166	-82.198044
1250575	Oakland Park	12011	45332	26.178747	-80.152633
1250750	Ocala	12083	71753	29.17751	-82.151025
1251075	Ocoee	12095	51932	28.57882	-81.533045
1253000	Orlando	12095	333888	28.472265	-81.322452
1253150	Ormond Beach	12127	44692	29.29883	-81.100952
1253575	Oviedo	12117	41317	28.66193	-81.187101
1254000	Palm Bay	12009	148092	27.95458	-80.665296
1254075	Palm Beach Gardens	12099	63883	26.848788	-80.167124
1254200	Palm Coast	12035	109886	29.536837	-81.242627
1254450	Palm Springs	12099	28303	26.635808	-80.098352
1254700	Panama City	12005	37806	30.239608	-85.530139
1255125	Parkland	12011	39186	26.31725	-80.258614
1255775	Pembroke Pines	12011	176714	26.014703	-80.340162
1255925	Pensacola	12033	53817	30.440989	-87.191242
1256975	Pinellas Park	12103	52295	27.858883	-82.708213
1257425	Plantation	12011	99183	26.125573	-80.261818
1257550	Plant City	12057	44118	28.015675	-82.116768
1258050	Pompano Beach	12011	117211	26.241622	-80.133851
1258575	Port Orange	12127	66395	29.113444	-81.013223
1258715	Port St. Lucie	12111	268062	27.280554	-80.388261
1260975	Riviera Beach	12099	39357	26.781424	-80.076059
1261500	Rockledge	12009	31343	28.321483	-80.737941
1262100	Royal Palm Beach	12099	42477	26.699015	-80.227581
1262625	St. Cloud	12097	74960	28.228828	-81.284558
1263000	St. Petersburg	12103	264033	27.763613	-82.645642
1263650	Sanford	12117	67483	28.784456	-81.276148
1264175	Sarasota	12115	58458	27.338257	-82.543721
1264825	Sebastian	12061	27352	27.779212	-80.482654
1269700	Sunrise	12011	98846	26.171601	-80.261633
1270600	Tallahassee	12073	204902	30.453529	-84.252272
1270675	Tamarac	12011	74134	26.203298	-80.256032
1271000	Tampa	12057	413554	27.967876	-82.474586
1271150	Tarpon Springs	12103	25602	28.149054	-82.779371
1271400	Temple Terrace	12057	27075	28.043	-82.375859
1271900	Titusville	12009	49800	28.572886	-80.820424
1273900	Venice	12115	30477	27.116973	-82.41519
1275812	Wellington	12099	62662	26.648995	-80.267208
1276500	West Melbourne	12009	31285	28.050398	-80.658327
1276582	Weston	12011	69588	26.100076	-80.401266
1276600	West Palm Beach	12099	127189	26.745114	-80.127038
1278250	Winter Garden	12095	48063	28.541217	-81.597043
1278275	Winter Haven	12105	62313	28.045836	-81.732743
1278300	Winter Park	12095	30444	28.59663	-81.345748
1278325	Winter Springs	12117	39585	28.695481	-81.272086
1301052	Albany	13095	66907	31.578117	-84.176224
1301696	Alpharetta	13121	66921	34.070866	-84.27265
1303440	Athens	13059	128612	33.949597	-83.370088
1304000	Atlanta	13121	529110	33.762909	-84.422675
1304204	Augusta	13245	201999	33.365531	-82.073422
1310944	Brookhaven	13089	59643	33.860821	-84.338485
1312988	Canton	13057	40778	34.247201	-84.490723
1313492	Carrollton	13045	27925	33.581847	-85.083333
1313688	Cartersville	13015	25349	34.163316	-84.801066
1315172	Chamblee	13089	32334	33.881134	-84.301654
1319000	Columbus	13215	202171	32.510742	-84.874098
1321380	Dalton	13313	35322	34.769222	-84.97042
1322052	Decatur	13089	25276	33.771067	-84.295784
1323900	Douglasville	13097	41523	33.73678	-84.701074
1324600	Duluth	13135	33815	34.001404	-84.150387
1324768	Dunwoody	13089	51792	33.941387	-84.312701
1325720	East Point	13121	38225	33.67112	-84.473429
1331908	Gainesville	13139	49221	34.2901	-83.829106
1338964	Hinesville	13179	36674	31.826702	-81.615773
1342425	Johns Creek	13121	80401	34.032739	-84.203848
1343192	Kennesaw	13067	37970	34.031195	-84.621287
1344340	LaGrange	13285	34730	33.02698	-85.038261
1345488	Lawrenceville	13135	32822	33.952875	-83.992231
1348624	McDonough	13151	33395	33.439611	-84.148899
1349008	Macon	13021	157556	32.808995	-83.694051
1349756	Marietta	13067	63574	33.953561	-84.542463
1351670	Milton	13121	41266	34.144325	-84.314188
1355020	Newnan	13077	45867	33.375833	-84.777324
1359724	Peachtree City	13113	40880	33.391887	-84.570656
1359735	Peachtree Corners	13135	42519	33.96715	-84.232328
1360340	Perry	13153	25699	32.473708	-83.727809
1362104	Pooler	13051	32744	32.105635	-81.256032
1366668	Rome	13115	38934	34.266133	-85.186052
1367284	Roswell	13121	91505	34.039453	-84.350946
1368516	Sandy Springs	13121	105013	33.931501	-84.368886
1369000	Savannah	13051	149440	32.012457	-81.194157
1371492	Smyrna	13067	57513	33.862942	-84.514729
1372122	South Fulton	13121	112820	33.635514	-84.582706
1373256	Statesboro	13031	35366	32.439408	-81.775106
1373704	Stockbridge	13151	36331	33.529646	-84.233422
1373784	Stonecrest	13089	61337	33.680667	-84.14525
1377652	Tucker	13089	37290	33.845169	-84.202085
1378324	Union City	13121	29910	33.593837	-84.56263
1378800	Valdosta	13185	56186	30.850126	-83.278833
1380508	Warner Robins	13153	87761	32.598216	-83.655309
1384176	Woodstock	13057	39895	34.10314	-84.512997
1608830	Boise City	16001	238429	43.59805	-116.231596
1612250	Caldwell	16027	76629	43.645468	-116.660654
1616750	Coeur d'Alene	16055	58179	47.702887	-116.795799
1623410	Eagle	16001	34658	43.695865	-116.411852
1639700	Idaho Falls	16019	71785	43.489616	-112.03534
1644290	Kuna	16001	31525	43.52484	-116.403635
1646540	Lewiston	16069	34717	46.39313	-116.993472
1652120	Meridian	16001	142988	43.610595	-116.400672
1654550	Moscow	16057	26721	46.728583	-116.999299
1656260	Nampa	16027	120384	43.584321	-116.563971
1664090	Pocatello	16005	58771	42.87121	-112.462027
1664810	Post Falls	16055	46715	47.72556	-116.944169
1667420	Rexburg	16065	40334	43.822893	-111.790988
1682810	Twin Falls	16083	56216	42.564094	-114.460899
1700243	Addison	17043	35758	41.930782	-88.008987
1700685	Algonquin	17111	30824	42.159466	-88.321873
1701114	Alton	17119	25013	38.903898	-90.151204
1702154	Arlington Heights	17031	76216	42.097362	-87.981671
1703012	Aurora	17089	181505	41.763455	-88.290099
1704013	Bartlett	17043	40855	41.960637	-88.177747
1704078	Batavia	17089	26586	41.847692	-88.311047
1704845	Belleville	17163	40237	38.515689	-89.99103
1705092	Belvidere	17007	25462	42.265448	-88.887758
1705573	Berwyn	17031	55001	41.843333	-87.790926
1706613	Bloomington	17113	78804	40.475777	-88.969912
1707133	Bolingbrook	17197	74803	41.686147	-88.107006
1709447	Buffalo Grove	17097	42812	42.165981	-87.961826
1709642	Burbank	17031	28578	41.74441	-87.768568
1710487	Calumet City	17031	34798	41.596493	-87.538572
1711332	Carol Stream	17043	39315	41.920346	-88.133223
1711358	Carpentersville	17089	37045	42.122736	-88.293896
1712385	Champaign	17019	91195	40.114099	-88.274619
1714000	Chicago	17031	2731585	41.837045	-87.684939
1714026	Chicago Heights	17031	26508	41.510684	-87.634069
1714351	Cicero	17031	81858	41.844537	-87.75929
1717887	Crystal Lake	17111	42288	42.233209	-88.33436
1718563	Danville	17183	28138	40.142628	-87.610707
1718823	Decatur	17115	67884	39.855983	-88.933746
1719161	DeKalb	17037	40467	41.928186	-88.747585
1719642	Des Plaines	17031	58772	42.034001	-87.901069
1720591	Downers Grove	17043	50365	41.79503	-88.021055
1722697	Edwardsville	17119	26463	38.790835	-89.988605
1723074	Elgin	17089	115476	42.038963	-88.325671
1723256	Elk Grove Village	17031	31885	42.005018	-87.992045
1723620	Elmhurst	17043	46111	41.897014	-87.943657
1724582	Evanston	17031	76380	42.046391	-87.694352
1728326	Galesburg	17095	28581	40.950217	-90.376564
1729730	Glendale Heights	17043	32655	41.918877	-88.078095
1729756	Glen Ellyn	17043	28750	41.866715	-88.062711
1729938	Glenview	17031	47711	42.085162	-87.827388
1730926	Granite City	17119	26807	38.729283	-90.125472
1732018	Gurnee	17097	30458	42.369973	-87.936974
1732746	Hanover Park	17031	36568	41.982499	-88.142926
1734722	Highland Park	17097	30767	42.182372	-87.810845
1735411	Hoffman Estates	17031	50858	42.064532	-88.144585
1736750	Huntley	17111	29132	42.160801	-88.435461
1738570	Joliet	17197	152241	41.516866	-88.147963
1741183	Lake in the Hills	17111	28590	42.179357	-88.315468
1742028	Lansing	17031	28068	41.565004	-87.546004
1744225	Lockport	17197	27822	41.590785	-88.032468
1744407	Lombard	17043	44399	41.873844	-88.015491
1745694	McHenry	17111	29217	42.336278	-88.291519
1749867	Moline	17161	42362	41.482333	-90.493407
1751089	Mount Prospect	17031	55395	42.06473	-87.939721
1751349	Mundelein	17097	32680	42.273352	-88.016174
1751622	Naperville	17043	153114	41.749173	-88.162019
1752584	New Lenox	17197	28893	41.50957	-87.970555
1753000	Niles	17031	30443	42.027862	-87.809973
1753234	Normal	17113	53275	40.52014	-88.992234
1753481	Northbrook	17031	34744	42.128745	-87.835162
1753559	North Chicago	17097	34050	42.316696	-87.859201
1754638	Oak Forest	17031	26792	41.60668	-87.753299
1754820	Oak Lawn	17031	56450	41.713885	-87.752777
1754885	Oak Park	17031	52823	41.887164	-87.78994
1755249	O'Fallon	17163	32656	38.600006	-89.915402
1756640	Orland Park	17031	57954	41.608145	-87.85929
1756887	Oswego	17093	39948	41.684708	-88.336079
1757225	Palatine	17031	65842	42.116467	-88.044361
1757875	Park Ridge	17031	38463	42.011762	-87.843434
1758447	Pekin	17179	31277	40.568757	-89.625115
1759000	Peoria	17143	110920	40.751645	-89.617205
1760287	Plainfield	17197	50043	41.629436	-88.245648
1762367	Quincy	17001	38918	39.933675	-91.379304
1765000	Rockford	17201	147384	42.2593	-89.063478
1765078	Rock Island	17161	36225	41.469444	-90.585307
1765442	Romeoville	17197	41281	41.627783	-88.101237
1766703	St. Charles	17089	33594	41.919447	-88.310743
1768003	Schaumburg	17031	77249	42.028423	-88.084745
1770122	Skokie	17031	66544	42.03597	-87.739994
1770720	South Elgin	17089	25656	41.990254	-88.314285
1772000	Springfield	17167	112989	39.791063	-89.644572
1773157	Streamwood	17031	38277	42.020586	-88.177771
1775484	Tinley Park	17031	55140	41.566802	-87.802643
1777005	Urbana	17019	39719	40.110126	-88.197323
1777694	Vernon Hills	17097	26825	42.234407	-87.961064
1779293	Waukegan	17097	87940	42.369447	-87.870898
1780060	West Chicago	17043	25296	41.895343	-88.220469
1781048	Wheaton	17043	54065	41.856833	-88.108126
1781087	Wheeling	17031	38391	42.127723	-87.921
1782075	Wilmette	17031	27459	42.077323	-87.728621
1783245	Woodridge	17043	34028	41.737392	-88.04413
1783349	Woodstock	17111	25740	42.30946	-88.435291
1784038	Yorkville	17093	26730	41.661736	-88.428596
1801468	Anderson	18095	56153	40.089766	-85.689449
1802908	Avon	18063	25350	39.760713	-86.394145
1805860	Bloomington	18105	83307	39.1637	-86.524264
1808416	Brownsburg	18063	34089	39.834436	-86.385693
1810342	Carmel	18057	105634	39.965479	-86.148369
1814734	Columbus	18005	52655	39.207252	-85.922011
1816138	Crown Point	18089	35616	41.409108	-87.34695
1819486	East Chicago	18089	25610	41.64813	-87.452885
1820728	Elkhart	18039	54092	41.695214	-85.955432
1822000	Evansville	18163	116176	37.987737	-87.534705
1823278	Fishers	18057	104812	39.96183	-85.968364
1825000	Fort Wayne	18003	275203	41.088193	-85.142791
1825450	Franklin	18081	26743	39.495561	-86.050219
1827000	Gary	18089	67289	41.59074	-87.347113
1828386	Goshen	18039	34525	41.573899	-85.830325
1829520	Greenfield	18059	26544	39.793283	-85.772548
1829898	Greenwood	18081	69349	39.603372	-86.105227
1831000	Hammond	18089	75712	41.619794	-87.49468
1834114	Hobart	18089	29298	41.51353	-87.276399
1836003	Indianapolis	18097	901116	39.776664	-86.145935
1838358	Jeffersonville	18019	54134	38.33583	-85.698968
1840392	Kokomo	18067	59999	40.465267	-86.127348
1840788	Lafayette	18157	71238	40.399524	-86.862782
1842426	Lawrence	18097	50420	39.865956	-85.989646
1846908	Marion	18053	28234	40.549986	-85.66042
1848528	Merrillville	18089	37407	41.472687	-87.31807
1848798	Michigan City	18091	31338	41.708776	-86.866875
1849932	Mishawaka	18141	51226	41.676606	-86.165356
1851876	Muncie	18035	65466	40.198826	-85.395059
1852326	New Albany	18043	37463	38.312179	-85.823987
1854180	Noblesville	18057	76111	40.035299	-86.000163
1860246	Plainfield	18063	38574	39.693147	-86.372526
1861092	Portage	18127	38634	41.58849	-87.179456
1864260	Richmond	18177	35376	39.832086	-84.890917
1868220	Schererville	18089	29825	41.485177	-87.443395
1871000	South Bend	18141	103201	41.676643	-86.268809
1875428	Terre Haute	18167	58764	39.464152	-87.376036
1878326	Valparaiso	18127	35177	41.479812	-87.052273
1882700	Westfield	18057	66258	40.03673	-86.155485
1882862	West Lafayette	18157	45747	40.443707	-86.923616
1886372	Zionsville	18011	33624	39.991538	-86.321762
1901855	Ames	19169	68220	42.025725	-93.622491
1902305	Ankeny	19153	77833	41.733637	-93.599424
1906355	Bettendorf	19163	40710	41.567047	-90.477035
1911755	Cedar Falls	19013	41240	42.51907	-92.454009
1912000	Cedar Rapids	19113	137935	41.964226	-91.679164
1916860	Council Bluffs	19155	62680	41.236147	-95.853393
1919000	Davenport	19163	100358	41.55682	-90.603948
1921000	Des Moines	19153	212086	41.57259	-93.610243
1922395	Dubuque	19061	59148	42.498901	-90.707258
1938595	Iowa City	19103	76229	41.655654	-91.530863
1939765	Johnston	19153	25065	41.69195	-93.724456
1949485	Marion	19113	42732	42.044596	-91.58616
1949755	Marshalltown	19127	27536	42.0343	-92.906266
1950160	Mason City	19033	26853	43.147762	-93.200403
1960465	Ottumwa	19179	25319	41.022251	-92.423263
1973335	Sioux City	19193	86356	42.49538	-96.389495
1979950	Urbandale	19153	48570	41.636656	-93.779889
1982425	Waterloo	19013	66919	42.492327	-92.351947
1982695	Waukee	19049	34890	41.59048	-93.882818
1983910	West Des Moines	19153	74224	41.549937	-93.781351
2017800	Derby	20173	26606	37.559529	-97.255712
2018250	Dodge City	20057	27653	37.760677	-100.018438
2025325	Garden City	20055	27402	37.975876	-100.850884
2025425	Gardner	20091	26154	38.809322	-94.920513
2033625	Hutchinson	20155	39595	38.064237	-97.908629
2036000	Kansas City	20209	157805	39.122539	-94.741781
2038900	Lawrence	20045	96367	38.959551	-95.265468
2039000	Leavenworth	20103	37012	39.322717	-94.925013
2039075	Leawood	20091	34093	38.907263	-94.62524
2039350	Lenexa	20091	60506	38.965268	-94.803937
2044250	Manhattan	20161	54673	39.188307	-96.605864
2052575	Olathe	20091	150025	38.87983	-94.820044
2053775	Overland Park	20091	203677	38.889042	-94.690584
2062700	Salina	20169	46094	38.810675	-97.614617
2064500	Shawnee	20091	69848	39.017491	-94.805806
2071000	Topeka	20177	125795	39.034673	-95.696191
2079000	Wichita	20173	400987	37.689344	-97.348353
2108902	Bowling Green	21227	78505	36.976832	-86.433661
2117848	Covington	21117	41847	39.035109	-84.519648
2124274	Elizabethtown	21093	35448	37.698686	-85.876689
2127982	Florence	21015	34018	38.993405	-84.648186
2128900	Frankfort	21073	28657	38.194966	-84.865877
2130700	Georgetown	21209	40883	38.259831	-84.535089
2135866	Henderson	21101	27822	37.837649	-87.579666
2137918	Hopkinsville	21047	30411	36.839284	-87.473544
2139142	Independence	21117	30198	38.957442	-84.547372
2146027	Lexington-Fayette	21067	329751	38.040638	-84.458238
2148006	Louisville	21111	641962	38.165376	-85.647377
2156136	Nicholasville	21113	33857	37.89226	-84.565647
2158620	Owensboro	21059	60892	37.757172	-87.117398
2158836	Paducah	21145	26730	37.070892	-88.644477
2165226	Richmond	21151	40663	37.729145	-84.299364
2200975	Alexandria	22079	42938	31.293449	-92.470189
2208920	Bossier City	22015	63259	32.523674	-93.655426
2213960	Central	22033	30313	30.559305	-91.035507
2236255	Houma	22109	31735	29.578637	-90.707901
2239475	Kenner	22051	65136	30.010227	-90.25482
2241155	Lake Charles	22019	82676	30.19902	-93.210835
2251410	Monroe	22073	46860	32.518986	-92.07718
2254035	New Iberia	22045	26533	30.005493	-91.820307
2255000	New Orleans	22071	362154	30.052877	-89.934502
2270000	Shreveport	22017	175902	32.466879	-93.792193
2270805	Slidell	22103	28341	30.288913	-89.782926
2302060	Auburn	23001	25441	44.084537	-70.249649
2302795	Bangor	23019	32518	44.829625	-68.788767
2338740	Lewiston	23001	38866	44.089325	-70.172051
2360545	Portland	23005	69911	43.633157	-70.185305
2371990	South Portland	23005	27007	43.631402	-70.285989
2401600	Annapolis	24003	40634	38.97216	-76.505334
2404000	Baltimore	24510	569997	39.300061	-76.610518
2408775	Bowie	24033	58383	38.954703	-76.738834
2418750	College Park	24033	35418	38.996692	-76.936407
2430325	Frederick	24021	92059	39.438528	-77.411687
2431175	Gaithersburg	24031	71113	39.148601	-77.195131
2436075	Hagerstown	24043	44228	39.637986	-77.723252
2445900	Laurel	24033	30254	39.095026	-76.861096
2467675	Rockville	24031	67563	39.083666	-77.155585
2469925	Salisbury	24045	33845	38.375198	-75.586555
2500840	Agawam Town	25013	28783	42.063581	-72.653586
2501370	Amherst Town	25015	40920	42.363534	-72.507291
2502690	Attleboro	25005	47447	41.931653	-71.294503
2503690	Barnstable Town	25001	50101	41.661096	-70.356455
2505595	Beverly	25009	43363	42.556659	-70.84496
2507000	Boston	25025	672973	42.332735	-71.013513
2507740	Braintree Town	25021	38957	42.206188	-71.00232
2508130	Bridgewater Town	25023	29309	41.972376	-70.978773
2509000	Brockton	25023	106134	42.082925	-71.025349
2511000	Cambridge	25017	122588	42.376043	-71.11868
2513205	Chelsea	25025	40130	42.396824	-71.031348
2513660	Chicopee	25013	55310	42.175678	-72.571777
2521990	Everett	25017	53572	42.405938	-71.054649
2523000	Fall River	25005	95298	41.718593	-71.092943
2523875	Fitchburg	25027	42136	42.601898	-71.815705
2524960	Framingham	25017	73021	42.307905	-71.436196
2525172	Franklin Town	25021	33955	42.08458	-71.410503
2526150	Gloucester	25009	30627	42.627984	-70.685026
2529405	Haverhill	25009	68361	42.782945	-71.087436
2530840	Holyoke	25013	38023	42.211658	-72.642448
2534550	Lawrence	25009	89320	42.700273	-71.161357
2535075	Leominster	25027	44194	42.520876	-71.770611
2537000	Lowell	25017	119971	42.638998	-71.320962
2537490	Lynn	25009	104236	42.473988	-70.960943
2537875	Malden	25017	66370	42.429395	-71.059033
2538715	Marlborough	25017	42772	42.349617	-71.547214
2539835	Medford	25017	59834	42.424191	-71.109332
2540115	Melrose	25017	29597	42.455723	-71.059019
2545000	New Bedford	25005	101834	41.661303	-70.937913
2545560	Newton	25017	90741	42.331768	-71.2084
2546330	Northampton	25015	31047	42.327044	-72.67463
2546598	North Attleborough Town	25005	31506	41.970454	-71.33493
2552490	Peabody	25009	55953	42.534499	-70.96896
2553960	Pittsfield	25003	42909	42.45184	-73.260685
2555745	Quincy	25021	103173	42.261006	-71.008988
2556000	Randolph Town	25021	34948	42.178993	-71.052654
2556585	Revere	25025	60141	42.420585	-70.990884
2559105	Salem	25009	45381	42.499248	-70.898204
2562535	Somerville	25017	84211	42.390445	-71.101033
2567000	Springfield	25013	154702	42.115454	-72.539978
2569170	Taunton	25005	62522	41.903324	-71.094987
2572600	Waltham	25017	65037	42.388827	-71.241864
2576030	Westfield	25013	40546	42.138838	-72.755911
2577890	West Springfield Town	25013	28829	42.125451	-72.649734
2578972	Weymouth Town	25021	59759	42.206676	-70.945845
2581035	Woburn	25017	43962	42.488703	-71.154383
2582000	Worcester	25027	213862	42.269478	-71.807783
2601380	Allen Park	26163	27445	42.259473	-83.21039
2603000	Ann Arbor	26161	122233	42.276061	-83.731165
2604105	Auburn Hills	26125	25925	42.67472	-83.243606
2605920	Battle Creek	26025	52021	42.299176	-85.229267
2606020	Bay City	26017	31868	43.590062	-83.888421
2612060	Burton	26049	29313	43.000745	-83.618151
2621000	Dearborn	26163	105611	42.313057	-83.211488
2621020	Dearborn Heights	26163	60664	42.335671	-83.288832
2622000	Detroit	26163	649095	42.383037	-83.102237
2624120	East Lansing	26065	49355	42.748913	-84.482442
2624290	Eastpointe	26099	33814	42.46608	-82.946341
2627440	Farmington Hills	26125	83291	42.485648	-83.375961
2629000	Flint	26049	79306	43.02442	-83.691971
2631420	Garden City	26163	26280	42.324383	-83.341192
2634000	Grand Rapids	26081	201183	42.961156	-85.65557
2638640	Holland	26139	35372	42.767561	-86.098585
2641420	Jackson	26075	31022	42.243441	-84.404858
2642160	Kalamazoo	26077	72683	42.275163	-85.588501
2642820	Kentwood	26081	54776	42.88482	-85.59254
2646000	Lansing	26065	113884	42.714341	-84.560889
2647800	Lincoln Park	26163	38529	42.243291	-83.181258
2649000	Livonia	26163	92603	42.397183	-83.372319
2650560	Madison Heights	26125	28297	42.507264	-83.103351
2653780	Midland	26111	42806	43.624796	-84.231984
2656320	Muskegon	26121	37224	43.22654	-86.257247
2659140	Norton Shores	26121	25088	43.168868	-86.234412
2659440	Novi	26125	67319	42.478494	-83.486825
2659920	Oak Park	26125	29072	42.464943	-83.18241
2665440	Pontiac	26125	62077	42.649228	-83.287363
2665560	Portage	26077	49862	42.197049	-85.59139
2665820	Port Huron	26147	28273	42.993766	-82.433743
2669035	Rochester Hills	26125	77539	42.663484	-83.159196
2669800	Roseville	26099	46863	42.507586	-82.936582
2670040	Royal Oak	26125	57583	42.507816	-83.15389
2670520	Saginaw	26145	42863	43.417678	-83.954716
2670760	St. Clair Shores	26099	57872	42.493043	-82.890901
2674900	Southfield	26125	76111	42.47464	-83.259509
2674960	Southgate	26163	28931	42.204707	-83.205685
2676460	Sterling Heights	26099	133931	42.581206	-83.030316
2679000	Taylor	26163	61279	42.225283	-83.267691
2680700	Troy	26125	88733	42.583882	-83.145533
2682960	Walker	26081	25881	42.996498	-85.756276
2684000	Warren	26099	137138	42.492904	-83.025001
2686000	Westland	26163	82333	42.319173	-83.380778
2688940	Wyoming	26081	78588	42.890317	-85.706733
2701900	Apple Valley	27037	55248	44.745301	-93.199413
2702908	Austin	27099	26689	43.672098	-92.977863
2706382	Blaine	27003	76603	45.170515	-93.206089
2706616	Bloomington	27053	89034	44.829666	-93.315217
2707948	Brooklyn Center	27053	31846	45.06797	-93.317829
2707966	Brooklyn Park	27053	83543	45.110906	-93.349088
2708794	Burnsville	27037	65244	44.764409	-93.279372
2710918	Chanhassen	27019	25748	44.848632	-93.566794
2710972	Chaska	27019	30513	44.816715	-93.610196
2713114	Coon Rapids	27003	64193	45.176411	-93.311454
2713456	Cottage Grove	27163	43604	44.813326	-92.914317
2717000	Duluth	27137	88330	46.774458	-92.134135
2717288	Eagan	27037	67109	44.815217	-93.162816
2718116	Eden Prairie	27053	63075	44.849595	-93.458721
2718188	Edina	27053	54356	44.891123	-93.359752
2718674	Elk River	27141	27896	45.332212	-93.566528
2720546	Faribault	27131	25040	44.301116	-93.276793
2720618	Farmington	27037	25425	44.659163	-93.168705
2722814	Fridley	27003	30829	45.084246	-93.26005
2731076	Inver Grove Heights	27037	36873	44.829015	-93.060072
2735180	Lakeville	27037	79270	44.675795	-93.250906
2739878	Mankato	27013	46529	44.171124	-93.975605
2740166	Maple Grove	27053	73893	45.117592	-93.459817
2740382	Maplewood	27123	40717	45.019015	-93.03106
2743000	Minneapolis	27053	430324	44.963324	-93.26832
2743252	Minnetonka	27053	53969	44.932251	-93.458241
2743864	Moorhead	27027	46533	46.864704	-96.744552
2747680	Oakdale	27163	30588	44.987546	-92.963553
2749300	Owatonna	27147	26633	44.092422	-93.233615
2751730	Plymouth	27053	78942	45.022312	-93.462883
2752594	Prior Lake	27139	28140	44.725594	-93.440877
2753026	Ramsey	27003	29624	45.260019	-93.452233
2754214	Richfield	27053	36593	44.874354	-93.282445
2754880	Rochester	27109	124292	44.014299	-92.478592
2755726	Rosemount	27037	31881	44.745814	-93.068864
2755852	Roseville	27123	35663	45.015625	-93.153807
2756896	St. Cloud	27145	72647	45.52669	-94.171008
2757220	St. Louis Park	27053	50027	44.948681	-93.365035
2758000	St. Paul	27123	306684	44.948913	-93.10403
2758738	Savage	27139	32970	44.759057	-93.364213
2759350	Shakopee	27139	49366	44.771906	-93.475699
2759998	Shoreview	27123	26906	45.082989	-93.140492
2771032	Winona	27169	26530	44.051271	-91.668076
2771428	Woodbury	27163	81558	44.906283	-92.923703
2806220	Biloxi	28047	48516	30.426663	-88.935762
2808300	Brandon	28121	26122	32.278093	-89.990686
2814420	Clinton	28049	26640	32.354443	-90.341893
2829180	Greenville	28151	26530	33.38329	-91.052088
2829700	Gulfport	28047	76506	30.419487	-89.069022
2831020	Hattiesburg	28035	48802	31.307305	-89.317434
2833700	Horn Lake	28033	26741	34.952081	-90.049209
2836000	Jackson	28049	141196	32.315834	-90.21285
2844520	Madison	28089	28575	32.473884	-90.130865
2846640	Meridian	28075	33370	32.38417	-88.689448
2854040	Olive Branch	28033	47563	34.95578	-89.841185
2854840	Oxford	28071	26773	34.351262	-89.536981
2855760	Pearl	28121	28864	32.271347	-90.093698
2869280	Southaven	28033	57819	34.951873	-89.976787
2870240	Starkville	28105	25754	33.463261	-88.827796
2874840	Tupelo	28081	38087	34.270604	-88.732455
2903160	Ballwin	29189	30901	38.594725	-90.54996
2904384	Belton	29037	26193	38.81873	-94.529639
2906652	Blue Springs	29095	61632	39.012001	-94.267612
2911242	Cape Girardeau	29031	40977	37.309389	-89.558359
2913600	Chesterfield	29189	49309	38.65887	-90.57944
2915670	Columbia	29019	130851	38.94729	-92.326387
2924778	Florissant	29189	51124	38.799725	-90.327076
2928324	Grandview	29095	26653	38.881359	-94.522744
2935000	Independence	29095	121675	39.085469	-94.352082
2937000	Jefferson City	29051	42489	38.567461	-92.175254
2937592	Joplin	29097	53930	37.075218	-94.501259
2938000	Kansas City	29095	521220	39.125155	-94.550313
2939044	Kirkwood	29189	29331	38.579356	-90.420881
2941348	Lee's Summit	29095	107514	38.921601	-94.384763
2942032	Liberty	29047	31319	39.24127	-94.419445
2946586	Maryland Heights	29189	27559	38.716767	-90.471857
2952616	Nixa	29043	26597	37.045093	-93.295914
2954074	O'Fallon	29183	96101	38.778825	-90.72178
2960752	Raymore	29037	26633	38.803303	-94.45832
2964082	St. Charles	29183	72561	38.795702	-90.515364
2964550	St. Joseph	29021	71001	39.75946	-94.821143
2965000	St. Louis	29510	278144	38.635699	-90.244582
2965126	St. Peters	29183	61479	38.781323	-90.60497
2970000	Springfield	29077	169847	37.195337	-93.292363
2975220	University City	29189	34657	38.665731	-90.331551
2978442	Wentzville	29183	49495	38.816374	-90.867024
2979820	Wildwood	29189	34955	38.576902	-90.667633
3006550	Billings	30111	121239	45.788538	-108.552475
3008950	Bozeman	30031	58814	45.683919	-111.057553
3011397	Butte	30093	35469	45.896232	-112.660071
3032800	Great Falls	30013	60208	47.502518	-111.29997
3035600	Helena	30049	35138	46.595465	-112.018746
3040075	Kalispell	30029	31851	48.216152	-114.327645
3050200	Missoula	30063	78903	46.874359	-114.026136
3103950	Bellevue	31153	64863	41.144659	-95.938505
3110110	Columbus	31141	25248	41.437087	-97.358615
3117670	Fremont	31053	28350	41.439842	-96.487
3119595	Grand Island	31079	53943	40.921352	-98.358559
3121415	Hastings	31001	25121	40.596264	-98.39032
3125055	Kearney	31019	34782	40.701745	-99.082312
3128000	Lincoln	31109	301522	40.810284	-96.674856
3134615	Norfolk	31119	26677	42.028216	-97.427807
3137000	Omaha	31055	488797	41.264013	-96.056496
3138295	Papillion	31153	25127	41.143361	-96.078393
3209700	Carson City	32510	58571	39.15306	-119.747368
3224900	Fernley	32019	26214	39.564761	-119.189435
3231900	Henderson	32003	353289	36.0056	-115.022812
3240000	Las Vegas	32003	679817	36.233499	-115.264037
3251800	North Las Vegas	32003	296653	36.289865	-115.089181
3260600	Reno	32031	283621	39.549097	-119.849907
3268400	Sparks	32031	111902	39.574341	-119.715154
3314200	Concord	33013	44597	43.232493	-71.561252
3318820	Dover	33017	34623	43.18636	-70.883623
3345140	Manchester	33011	116818	42.984941	-71.444131
3350260	Nashua	33011	92435	42.749074	-71.490544
3365140	Rochester	33017	33716	43.295947	-70.977218
3402080	Atlantic City	34001	38787	39.377337	-74.45107
3403580	Bayonne	34017	74744	40.662218	-74.110544
3405170	Bergenfield	34003	28754	40.922334	-73.998001
3407600	Bridgeton	34011	28307	39.429192	-75.228595
3410000	Camden	34007	71430	39.936818	-75.106986
3410750	Carteret	34023	25781	40.58379	-74.227457
3413570	Cliffside Park	34003	26539	40.82205	-73.987932
3413690	Clifton	34031	91127	40.862137	-74.160393
3419390	East Orange	34013	72159	40.765055	-74.211655
3421000	Elizabeth	34039	141675	40.666367	-74.193503
3421480	Englewood	34003	30035	40.891197	-73.972515
3422470	Fair Lawn	34003	37128	40.93583	-74.117505
3424420	Fort Lee	34003	40345	40.85064	-73.971007
3425770	Garfield	34003	33353	40.879797	-74.10825
3428680	Hackensack	34003	46380	40.889398	-74.045698
3432250	Hoboken	34017	59027	40.745251	-74.027926
3436000	Jersey City	34017	302013	40.711417	-74.06476
3436510	Kearny	34017	40862	40.752332	-74.123093
3440350	Linden	34039	45752	40.627337	-74.23631
3441100	Lodi	34003	26187	40.877915	-74.0825
3441310	Long Branch	34025	33321	40.295372	-73.989899
3446680	Millville	34011	28098	39.390093	-75.054797
3451000	Newark	34013	323808	40.72422	-74.172574
3451210	New Brunswick	34023	57133	40.486677	-74.444414
3455950	Paramus	34003	26723	40.947299	-74.070169
3456550	Passaic	34031	71337	40.857552	-74.129089
3457000	Paterson	34031	161793	40.914766	-74.162829
3458200	Perth Amboy	34023	56739	40.52016	-74.271331
3459190	Plainfield	34039	57141	40.615444	-74.415775
3460900	Princeton	34021	31469	40.358244	-74.666728
3461530	Rahway	34039	31010	40.607152	-74.280531
3463000	Ridgewood	34003	26527	40.98186	-74.113456
3465790	Sayreville	34023	46787	40.466549	-74.324897
3474000	Trenton	34021	91506	40.223841	-74.763624
3474630	Union City	34017	66656	40.767425	-74.032279
3476070	Vineland	34011	62703	39.465007	-74.997115
3479040	Westfield	34039	32595	40.651644	-74.343447
3479610	West New York	34017	53192	40.786032	-74.009507
3501780	Alamogordo	35035	31906	32.883619	-105.963607
3502000	Albuquerque	35001	556588	35.10478	-106.646809
3512150	Carlsbad	35015	32524	32.400528	-104.238257
3516420	Clovis	35009	37127	34.438569	-103.194194
3525800	Farmington	35045	46055	36.753833	-108.18053
3532520	Hobbs	35025	40863	32.730479	-103.161383
3539380	Las Cruces	35013	116978	32.326444	-106.789695
3563460	Rio Rancho	35043	114419	35.28507	-106.698867
3564930	Roswell	35005	46878	33.373442	-104.529393
3570500	Santa Fe	35049	89837	35.661981	-105.981815
3601000	Albany	36001	101698	42.665745	-73.798353
3603078	Auburn	36011	25947	42.9338	-76.567181
3606607	Binghamton	36007	46418	42.101331	-75.909369
3611000	Buffalo	36029	274613	42.892492	-78.859686
3624229	Elmira	36015	26089	42.093388	-76.80961
3627485	Freeport	36059	44174	40.650851	-73.584575
3629113	Glen Cove	36059	28190	40.88454	-73.644951
3632402	Harrison	36119	32273	41.023538	-73.719283
3633139	Hempstead	36059	59819	40.704374	-73.619445
3638077	Ithaca	36109	33632	42.443937	-76.503055
3638264	Jamestown	36013	27663	42.097603	-79.236135
3642554	Lindenhurst	36103	27258	40.685751	-73.371594
3643335	Long Beach	36059	34918	40.585835	-73.665403
3647042	Middletown	36071	30098	41.444922	-74.423573
3649121	Mount Vernon	36119	72304	40.913105	-73.829317
3650034	Newburgh	36071	28059	41.503249	-74.01964
3650617	New Rochelle	36119	85864	40.923243	-73.779344
3651000	New York	36047	8584629	40.662712	-73.938677
3651055	Niagara Falls	36063	47255	43.092841	-79.014743
3653682	North Tonawanda	36063	29806	43.049157	-78.871224
3655530	Ossining	36119	27579	41.15349	-73.870587
3656979	Peekskill	36119	25891	41.287396	-73.923597
3659641	Poughkeepsie	36027	32499	41.694595	-73.919869
3663000	Rochester	36055	206108	43.169927	-77.616891
3663264	Rockville Centre	36059	25770	40.664024	-73.638048
3663418	Rome	36065	31682	43.226002	-75.489523
3665255	Saratoga Springs	36091	28768	43.067704	-73.778142
3665508	Schenectady	36093	69471	42.802691	-73.92696
3673000	Syracuse	36067	144896	43.04126	-76.143212
3675484	Troy	36083	50912	42.735812	-73.675321
3676540	Utica	36065	62978	43.096382	-75.225983
3676705	Valley Stream	36059	40379	40.664747	-73.704902
3681677	White Plains	36119	62871	41.0238	-73.751048
3684000	Yonkers	36119	212603	40.945862	-73.867446
3701520	Apex	37183	80419	35.725577	-78.879919
3702080	Asheboro	37151	27990	35.702596	-79.80412
3702140	Asheville	37021	93523	35.570972	-82.552725
3709060	Burlington	37001	61496	36.076128	-79.4683
3710740	Cary	37183	183582	35.782182	-78.824286
3711800	Chapel Hill	37135	63565	35.928261	-79.040102
3712000	Charlotte	37119	964784	35.209045	-80.83099
3712860	Clayton	37101	32633	35.658139	-78.446007
3714100	Concord	37025	114598	35.392093	-80.635453
3714700	Cornelius	37119	35094	35.47158	-80.882714
3719000	Durham	37063	305561	35.977928	-78.898109
3722920	Fayetteville	37051	209120	35.081647	-78.973159
3725300	Fuquay-Varina	37183	48536	35.608736	-78.769788
3725480	Garner	37183	41562	35.689477	-78.614599
3725580	Gastonia	37071	87067	35.250939	-81.184295
3726880	Goldsboro	37191	35012	35.378226	-77.971869
3728000	Greensboro	37081	308667	36.09485	-79.823624
3728080	Greenville	37147	96443	35.59249	-77.372739
3731060	Hickory	37035	45975	35.738761	-81.31961
3731400	High Point	37081	120571	35.990803	-79.992713
3732260	Holly Springs	37183	50288	35.651994	-78.843196
3733120	Huntersville	37119	68535	35.40681	-80.86868
3734200	Jacksonville	37133	72732	34.729759	-77.394
3735200	Kannapolis	37025	61708	35.479868	-80.647422
3735600	Kernersville	37067	29128	36.106171	-80.081895
3737680	Leland	37019	35731	34.214676	-78.04337
3741960	Matthews	37119	32769	35.119865	-80.709414
3743480	Mint Hill	37119	29476	35.17728	-80.653041
3743920	Monroe	37179	42644	35.003326	-80.558862
3744220	Mooresville	37097	55842	35.583591	-80.828328
3744520	Morrisville	37183	32466	35.836356	-78.839001
3746340	New Bern	37049	34724	35.092713	-77.071774
3755000	Raleigh	37183	506306	35.831456	-78.639558
3757500	Rocky Mount	37127	55120	35.968514	-77.808294
3758860	Salisbury	37159	36879	35.665136	-80.491886
3759280	Sanford	37105	34138	35.493776	-79.176464
3764740	Statesville	37097	32181	35.783369	-80.871654
3767420	Thomasville	37057	27733	35.881308	-80.081549
3770540	Wake Forest	37183	58147	35.963685	-78.51174
3774440	Wilmington	37129	126809	34.209225	-77.885767
3774540	Wilson	37195	49572	35.731503	-77.930722
3775000	Winston-Salem	37067	257271	36.102863	-80.260829
3807200	Bismarck	38015	77963	46.815857	-100.768569
3819620	Dickinson	38089	25870	46.892685	-102.797343
3825700	Fargo	38017	136275	46.86469	-96.829073
3832060	Grand Forks	38035	60365	47.919595	-97.087328
3849900	Mandan	38059	25061	46.829484	-100.88706
3853380	Minot	38101	47308	48.236141	-101.277578
3884780	West Fargo	38017	41175	46.858932	-96.905563
3886220	Williston	38105	29522	48.189496	-103.649117
3901000	Akron	39153	189691	41.080456	-81.521429
3902736	Athens	39009	25313	39.326286	-82.100187
3903352	Avon	39093	25611	41.4451	-82.005109
3903464	Avon Lake	39093	26486	41.494504	-82.016075
3904720	Beavercreek	39057	48134	39.738361	-84.065783
3907972	Bowling Green	39173	31182	41.379088	-83.647921
3909680	Brunswick	39103	35114	41.245796	-81.816576
3912000	Canton	39151	69001	40.80765	-81.367228
3913190	Centerville	39113	25194	39.636097	-84.147884
3915000	Cincinnati	39061	314367	39.140183	-84.505829
3916000	Cleveland	39035	363608	41.478462	-81.679435
3916014	Cleveland Heights	39035	43750	41.511075	-81.561766
3918000	Columbus	39049	938396	39.987367	-82.98518
3919778	Cuyahoga Falls	39153	50975	41.182881	-81.553008
3921000	Dayton	39113	136688	39.784743	-84.199632
3921434	Delaware	39041	46636	40.286476	-83.074864
3922694	Dublin	39049	49094	40.113304	-83.145774
3925256	Elyria	39093	53634	41.379243	-82.09962
3925704	Euclid	39035	47962	41.592138	-81.519692
3925914	Fairborn	39057	35754	39.799578	-84.008482
3925970	Fairfield	39017	44682	39.33142	-84.542716
3927048	Findlay	39063	40370	41.047364	-83.638093
3929106	Gahanna	39049	35986	40.036054	-82.879464
3929428	Garfield Heights	39035	28790	41.418631	-81.605081
3931860	Green	39153	27553	40.953816	-81.472042
3932592	Grove City	39049	45180	39.866346	-83.066971
3933012	Hamilton	39017	64644	39.394328	-84.565522
3935476	Hilliard	39049	38898	40.034719	-83.157788
3936610	Huber Heights	39113	43905	39.858881	-84.112893
3939872	Kent	39133	27737	41.145711	-81.364363
3940040	Kettering	39113	57396	39.695991	-84.150437
3941664	Lakewood	39035	49027	41.483258	-81.801143
3941720	Lancaster	39045	41956	39.725258	-82.606274
3943554	Lima	39003	34695	40.740679	-84.112091
3944856	Lorain	39093	65366	41.438805	-82.179722
3947138	Mansfield	39139	47381	40.766308	-82.531659
3947754	Marion	39101	35587	40.596746	-83.123185
3948160	Marysville	39159	30190	40.218421	-83.345076
3948188	Mason	39165	35834	39.360722	-84.295867
3948244	Massillon	39151	32168	40.784483	-81.525216
3948790	Medina	39103	25692	41.134636	-81.869513
3949056	Mentor	39085	47010	41.690159	-81.33588
3949840	Middletown	39017	52146	39.502952	-84.364893
3954040	Newark	39089	51473	40.071503	-82.424221
3956882	North Olmsted	39035	31542	41.414929	-81.919131
3956966	North Ridgeville	39093	37786	41.386317	-82.022821
3957008	North Royalton	39035	30936	41.315916	-81.748052
3961000	Parma	39035	78581	41.383569	-81.728641
3962148	Perrysburg	39173	25441	41.539059	-83.644125
3962498	Pickerington	39045	26333	39.887539	-82.764138
3966390	Reynoldsburg	39049	43350	39.960821	-82.789321
3971682	Shaker Heights	39035	28466	41.47609	-81.549197
3974118	Springfield	39023	58281	39.928908	-83.794241
3974944	Stow	39153	33941	41.176261	-81.436523
3975098	Strongsville	39035	45629	41.312788	-81.831904
3977000	Toledo	39095	263423	41.664071	-83.581861
3977588	Troy	39109	27344	40.044598	-84.224098
3979002	Upper Arlington	39049	35893	40.027587	-83.070722
3980892	Warren	39155	38328	41.239564	-80.816015
3983342	Westerville	39049	38165	40.123499	-82.913639
3983622	Westlake	39035	33904	41.449531	-81.930162
3986548	Wooster	39169	27115	40.81906	-81.931557
3986772	Xenia	39057	26425	39.683133	-83.940808
3988000	Youngstown	39099	58832	41.099095	-80.645902
3988084	Zanesville	39119	25138	39.957027	-82.011954
4004450	Bartlesville	40147	38278	36.737914	-95.948484
4006400	Bixby	40143	32766	35.945571	-95.878343
4009050	Broken Arrow	40143	124991	36.039317	-95.78522
4023200	Edmond	40109	100479	35.673807	-97.413076
4023950	Enid	40047	50297	36.406702	-97.869861
4037800	Jenks	40143	28175	35.998219	-95.973404
4041850	Lawton	40031	90503	34.619218	-98.421106
4048350	Midwest City	40109	58799	35.458752	-97.37457
4049200	Moore	40027	63609	35.328503	-97.474763
4050050	Muskogee	40101	36760	35.742643	-95.356864
4052500	Norman	40027	130943	35.240569	-97.345299
4055000	Oklahoma City	40109	719849	35.467079	-97.513657
4056650	Owasso	40143	43117	36.287236	-95.835349
4066800	Shawnee	40125	32474	35.340637	-96.932012
4070300	Stillwater	40119	50046	36.131496	-97.074464
4075000	Tulsa	40143	416209	36.127949	-95.902316
4101000	Albany	41043	56894	44.626928	-123.096741
4105350	Beaverton	41067	97842	45.478058	-122.817079
4105800	Bend	41017	107342	44.056683	-121.307991
4115800	Corvallis	41003	61499	44.569949	-123.278285
4123850	Eugene	41039	178618	44.056848	-123.119019
4126200	Forest Grove	41067	27252	45.526091	-123.109944
4130550	Grants Pass	41033	39239	42.43186	-123.333158
4131250	Gresham	41051	111513	45.502319	-122.441609
4132050	Happy Valley	41005	28916	45.433966	-122.508694
4134100	Hillsboro	41067	111126	45.525315	-122.93638
4138500	Keizer	41047	39140	45.000532	-123.021013
4140550	Lake Oswego	41005	39722	45.413551	-122.700007
4145000	McMinnville	41071	34647	45.211047	-123.191822
4147000	Medford	41029	86494	42.336006	-122.851762
4152100	Newberg	41071	26896	45.306618	-122.960782
4155200	Oregon City	41005	38175	45.341314	-122.592327
4159000	Portland	41051	635109	45.536951	-122.649971
4161200	Redmond	41017	38547	44.260694	-121.182425
4164900	Salem	41047	181779	44.9239	-123.023007
4169600	Springfield	41039	61431	44.05356	-122.980924
4173650	Tigard	41067	57929	45.422921	-122.784388
4174950	Tualatin	41067	28139	45.376856	-122.774723
4180150	West Linn	41005	26567	45.36652	-122.638391
4182800	Wilsonville	41005	27833	45.311262	-122.77092
4183750	Woodburn	41047	31948	45.147001	-122.861144
4202000	Allentown	42077	126044	40.593648	-75.478393
4202184	Altoona	42013	42347	40.508052	-78.401114
4206064	Bethel Park	42003	32074	40.323803	-80.036421
4206088	Bethlehem	42095	79644	40.626424	-75.367898
4213208	Chester	42045	33996	39.845558	-75.371882
4221648	Easton	42095	30402	40.686056	-75.218077
4224000	Erie	42049	91838	42.116594	-80.073503
4232800	Harrisburg	42043	50522	40.275891	-76.88502
4233408	Hazleton	42079	30286	40.95047	-75.972509
4241216	Lancaster	42071	58366	40.042061	-76.30099
4242168	Lebanon	42075	26479	40.341193	-76.422735
4250528	Monroeville	42003	27685	40.426324	-79.761379
4254656	Norristown	42091	35911	40.122076	-75.33987
4260000	Philadelphia	42101	1574281	40.009297	-75.133271
4261000	Pittsburgh	42003	307632	40.439892	-79.975472
4261536	Plum	42003	26225	40.501869	-79.748178
4263624	Reading	42011	95832	40.33922	-75.926277
4269000	Scranton	42069	75514	41.404152	-75.665953
4273808	State College	42027	40844	40.791039	-77.856813
4285152	Wilkes-Barre	42079	44523	41.246561	-75.875689
4285312	Williamsport	42081	27384	41.240019	-77.035591
4287048	York	42133	45342	39.964798	-76.73184
4419180	Cranston	44007	84647	41.769734	-71.485049
4422960	East Providence	44007	48249	41.800433	-71.359258
4454640	Pawtucket	44007	77065	41.874824	-71.373323
4459000	Providence	44007	195310	41.823056	-71.418784
4474300	Warwick	44003	84187	41.703092	-71.420155
4480780	Woonsocket	44007	44580	42.001708	-71.499947
4500550	Aiken	45003	33808	33.531594	-81.725073
4501360	Anderson	45007	31323	34.521487	-82.643517
4507210	Bluffton	45013	36807	32.216118	-80.93179
4513330	Charleston	45019	159423	32.828017	-79.972896
4516000	Columbia	45079	147035	34.040326	-80.898071
4516405	Conway	45051	30627	33.834533	-79.049173
4521985	Easley	45077	27319	34.818457	-82.586196
4525810	Florence	45041	41231	34.178923	-79.792217
4526890	Fort Mill	45091	38673	35.005997	-80.94
4529815	Goose Creek	45015	52010	32.994906	-80.009232
4530850	Greenville	45045	75310	34.836902	-82.362997
4530985	Greer	45045	50007	34.931799	-82.229115
4534045	Hilton Head Island	45013	38196	32.190308	-80.738434
4541335	Lexington	45063	25729	33.992877	-81.221797
4545115	Mauldin	45045	31465	34.780647	-82.304953
4548535	Mount Pleasant	45019	95469	32.806799	-79.863623
4549075	Myrtle Beach	45051	40937	33.71039	-78.886024
4550695	North Augusta	45003	26982	33.523303	-81.956566
4550875	North Charleston	45019	129245	32.917188	-80.065424
4561405	Rock Hill	45091	75911	34.936693	-81.020248
4566580	Simpsonville	45045	28459	34.728538	-82.256377
4568290	Spartanburg	45083	39978	34.945627	-81.925944
4570270	Summerville	45035	53177	33.005587	-80.177379
4570405	Sumter	45085	43094	33.940848	-80.395543
4600100	Aberdeen	46013	27961	45.46515	-98.469782
4607580	Brookings	46011	25355	44.302416	-96.785336
4652980	Rapid City	46103	80589	44.071071	-103.217924
4659020	Sioux Falls	46099	213748	43.540696	-96.731962
4703440	Bartlett	47157	56416	35.234169	-89.820266
4708280	Brentwood	47187	45313	35.993904	-86.770834
4708540	Bristol	47163	28107	36.558549	-82.217001
4714000	Chattanooga	47065	194144	35.065958	-85.248386
4715160	Clarksville	47125	188829	36.566226	-87.345893
4715400	Cleveland	47011	51172	35.180044	-84.871288
4716420	Collierville	47157	51909	35.048907	-89.6971
4716540	Columbia	47119	50072	35.625616	-87.044232
4716920	Cookeville	47141	38212	36.146926	-85.512653
4725760	Farragut	47093	25121	35.876233	-84.180019
4727740	Franklin	47187	90226	35.914025	-86.852161
4728540	Gallatin	47165	54590	36.381524	-86.467021
4728960	Germantown	47157	40001	35.081957	-89.782584
4733280	Hendersonville	47165	64266	36.307262	-86.602288
4737640	Jackson	47113	69339	35.658451	-88.837399
4738320	Johnson City	47179	74943	36.342325	-82.380915
4739560	Kingsport	47163	57530	36.51937	-82.543393
4740000	Knoxville	47093	202021	35.97068	-83.94927
4741200	La Vergne	47149	42146	36.022237	-86.559384
4741520	Lebanon	47189	53412	36.198303	-86.345523
4746380	Maryville	47009	32442	35.74781	-83.980234
4748000	Memphis	47157	609647	35.109164	-89.968511
4750280	Morristown	47063	33517	36.204351	-83.300032
4750780	Mount Juliet	47189	45172	36.201848	-86.510506
4751560	Murfreesboro	47149	171178	35.853915	-86.421224
4752006	Nashville	47037	721074	36.172178	-86.784602
4755120	Oak Ridge	47001	35395	35.966483	-84.290549
4767760	Shelbyville	47003	26146	35.501338	-86.452914
4769420	Smyrna	47149	63321	35.967533	-86.525348
4770580	Spring Hill	47187	61336	35.743297	-86.911806
4801000	Abilene	48441	131588	32.454514	-99.738147
4801924	Allen	48085	113447	33.107224	-96.674676
4802272	Alvin	48039	30115	29.424772	-95.224432
4803000	Amarillo	48381	205130	35.199903	-101.830194
4803300	Anna	48085	35245	33.348164	-96.553438
4804000	Arlington	48439	402134	32.700708	-97.124691
4805000	Austin	48453	1002632	30.298622	-97.754134
4805372	Balch Springs	48113	27258	32.713904	-96.618062
4806128	Baytown	48201	86561	29.766272	-94.962678
4807000	Beaumont	48245	112967	30.084912	-94.14533
4807132	Bedford	48439	47958	32.845838	-97.135076
4807492	Belton	48027	25964	31.052345	-97.479542
4810768	Brownsville	48061	192957	25.989404	-97.480625
4810912	Bryan	48041	91996	30.666016	-96.381049
4811428	Burleson	48251	56907	32.514445	-97.323293
4813024	Carrollton	48121	134562	32.989071	-96.899694
4813492	Cedar Hill	48113	49801	32.584326	-96.958898
4813552	Cedar Park	48491	79032	30.510177	-97.818626
4813684	Celina	48085	64427	33.32296	-96.798821
4814920	Cibolo	48187	39019	29.565803	-98.212822
4815364	Cleburne	48251	39942	32.354993	-97.411558
4815976	College Station	48041	127472	30.58516	-96.29636
4815988	Colleyville	48439	25727	32.891478	-97.149747
4816432	Conroe	48339	119564	30.328717	-95.4846
4816468	Converse	48029	32481	29.512488	-98.304625
4816612	Coppell	48113	41386	32.963318	-96.990082
4816624	Copperas Cove	48099	40118	31.119436	-97.913909
4817000	Corpus Christi	48355	317247	27.754252	-97.173385
4817060	Corsicana	48349	25487	32.082404	-96.4667
4819000	Dallas	48113	1329491	32.793333	-96.766513
4819624	Deer Park	48201	34282	29.691659	-95.116531
4819792	Del Rio	48465	34496	29.373045	-100.881851
4819900	Denison	48181	26822	33.766936	-96.580667
4819972	Denton	48121	169431	33.217449	-97.141346
4820092	DeSoto	48113	56681	32.599349	-96.862941
4821628	Duncanville	48113	38915	32.64595	-96.91387
4821892	Eagle Pass	48323	28926	28.701071	-100.476229
4822660	Edinburg	48215	110700	26.318374	-98.15348
4824000	El Paso	48141	683012	31.84778	-106.431106
4824348	Ennis	48139	25694	32.325067	-96.633799
4824768	Euless	48439	60008	32.849366	-97.078592
4825452	Farmers Branch	48113	38320	32.927789	-96.878539
4825572	Fate	48397	29007	32.943281	-96.386775
4826232	Flower Mound	48121	79540	33.037418	-97.113477
4826604	Forney	48257	41658	32.742601	-96.452883
4827000	Fort Worth	48439	1028117	32.781954	-97.348573
4827648	Friendswood	48167	41319	29.507701	-95.200635
4827684	Frisco	48085	236955	33.155424	-96.822593
4827876	Fulshear	48157	64630	29.696442	-95.885841
4828068	Galveston	48167	53636	29.186328	-94.965758
4829000	Garland	48113	249625	32.909826	-96.630334
4829336	Georgetown	48491	106907	30.668155	-97.698775
4830464	Grand Prairie	48113	209434	32.672226	-97.027343
4830644	Grapevine	48439	50714	32.934969	-97.075912
4830920	Greenville	48231	37069	33.111939	-96.110256
4831928	Haltom City	48439	45542	32.817698	-97.271152
4832312	Harker Heights	48027	35195	31.056708	-97.644221
4832372	Harlingen	48061	72467	26.192237	-97.696157
4834832	Horizon City	48141	25118	31.679648	-106.191055
4835000	Houston	48201	2397315	29.785743	-95.388806
4835528	Huntsville	48471	49088	30.700223	-95.554711
4835576	Hurst	48439	38974	32.836643	-97.180627
4835624	Hutto	48491	46048	30.541624	-97.544249
4837000	Irving	48113	257076	32.857673	-96.969481
4838476	Katy	48201	28373	29.791252	-95.840957
4838632	Keller	48439	46078	32.932877	-97.224513
4839040	Kerrville	48265	25578	30.038317	-99.131069
4839148	Killeen	48027	161883	31.075273	-97.731617
4839952	Kyle	48209	69917	29.994118	-97.883322
4840588	Lake Jackson	48039	27803	29.050864	-95.45123
4841212	Lancaster	48113	40526	32.596203	-96.773789
4841440	La Porte	48201	37983	29.667437	-95.049089
4841464	Laredo	48479	269515	27.560379	-99.489181
4841980	League City	48167	119905	29.49011	-95.108924
4842016	Leander	48491	91132	30.573906	-97.862571
4842508	Lewisville	48121	139006	33.050612	-96.972722
4843012	Little Elm	48121	62727	33.192555	-96.919909
4843888	Longview	48183	83236	32.520234	-94.761114
4845000	Lubbock	48303	273071	33.561901	-101.888883
4845072	Lufkin	48005	34350	31.322904	-94.729026
4845384	McAllen	48215	150640	26.224966	-98.246083
4845744	McKinney	48085	236001	33.201125	-96.664161
4846452	Mansfield	48439	84444	32.569188	-97.120532
4847496	Melissa	48085	29969	33.288521	-96.557632
4847892	Mesquite	48113	150693	32.75955	-96.584164
4848072	Midland	48329	147615	32.024174	-102.113307
4848096	Midlothian	48139	46683	32.468198	-96.990724
4848768	Mission	48215	88992	26.20406	-98.325221
4848804	Missouri City	48157	77327	29.559901	-95.534665
4850256	Nacogdoches	48347	32500	31.612364	-94.652046
4850820	New Braunfels	48091	122492	29.699306	-98.115127
4852356	North Richland Hills	48439	70843	32.860378	-97.21851
4853388	Odessa	48135	122707	31.880461	-102.345314
4855080	Paris	48277	25205	33.668929	-95.546616
4856000	Pasadena	48201	148539	29.655036	-95.151318
4856348	Pearland	48039	129930	29.555732	-95.323012
4857176	Pflugerville	48453	68316	30.446596	-97.601326
4857200	Pharr	48215	80830	26.163436	-98.19389
4858016	Plano	48085	293028	33.050769	-96.747944
4858820	Port Arthur	48245	55804	29.900008	-93.89442
4859576	Princeton	48085	43524	33.184474	-96.509393
4859696	Prosper	48085	45605	33.240952	-96.80745
4861796	Richardson	48113	118542	32.972291	-96.708069
4862828	Rockwall	48397	53980	32.918056	-96.43805
4863284	Rosenberg	48157	42701	29.546716	-95.822955
4863500	Round Rock	48491	141282	30.526767	-97.660079
4863572	Rowlett	48113	67890	32.915926	-96.548587
4863668	Royse City	48397	28307	32.97268	-96.31834
4864064	Sachse	48113	32834	32.969015	-96.579507
4864472	San Angelo	48451	100640	31.441078	-100.450499
4865000	San Antonio	48029	1548422	29.459775	-98.524263
4865516	San Juan	48215	37868	26.189385	-98.151806
4865600	San Marcos	48209	77830	29.873334	-97.935737
4866128	Schertz	48187	45978	29.563372	-98.250848
4866644	Seguin	48187	41048	29.590227	-97.968607
4867496	Sherman	48181	52417	33.628505	-96.625978
4868636	Socorro	48141	38787	31.638491	-106.25744
4869032	Southlake	48439	31175	32.954493	-97.148867
4870808	Sugar Land	48157	107726	29.595555	-95.631159
4872176	Temple	48027	98412	31.104936	-97.388512
4872368	Texarkana	48037	36195	33.449204	-94.085008
4872392	Texas City	48167	59733	29.424942	-94.890026
4872530	The Colony	48121	46196	33.089598	-96.903368
4874144	Tyler	48423	113723	32.317334	-95.306399
4875428	Victoria	48469	66500	28.828528	-96.986015
4876000	Waco	48309	147788	31.557886	-97.190841
4876816	Waxahachie	48139	50090	32.40248	-96.844493
4876864	Weatherford	48367	40634	32.755397	-97.765731
4877272	Weslaco	48215	44203	26.160549	-97.987654
4879000	Wichita Falls	48485	101951	33.906654	-98.525848
4880356	Wylie	48085	63842	33.029273	-96.52714
4901310	American Fork	49049	41020	40.377877	-111.795074
4907690	Bountiful	49011	44988	40.872483	-111.8612
4911320	Cedar City	49021	41871	37.683877	-113.09579
4913850	Clearfield	49011	35144	41.097012	-112.01792
4920120	Draper	49035	50652	40.49715	-111.864636
4920810	Eagle Mountain	49049	66557	40.314272	-112.011983
4924740	Farmington	49011	26266	40.984669	-111.906306
4934970	Herriman	49035	63282	40.491819	-112.02043
4936070	Holladay	49035	31162	40.659924	-111.822697
4937170	Hurricane	49053	25745	37.148483	-113.359032
4940360	Kaysville	49011	33307	41.029342	-111.945074
4943660	Layton	49011	85308	41.077423	-111.960727
4944320	Lehi	49049	95313	40.41708	-111.871147
4945860	Logan	49005	55576	41.740138	-111.843754
4947290	Magna	49035	35401	40.750819	-112.191221
4949710	Midvale	49035	36099	40.614723	-111.892822
4950150	Millcreek	49035	63926	40.689017	-111.829559
4953230	Murray	49035	53297	40.650654	-111.886568
4955980	Ogden	49057	89510	41.228391	-111.968147
4957300	Orem	49049	95214	40.298067	-111.699463
4960930	Pleasant Grove	49049	37773	40.37145	-111.741264
4962470	Provo	49049	114527	40.245312	-111.645057
4965110	Roy	49057	38794	41.17146	-112.048476
4965330	St. George	49053	108713	37.077006	-113.576534
4967000	Salt Lake City	49035	218428	40.775366	-111.927266
4967440	Sandy	49035	92386	40.571714	-111.84987
4967825	Saratoga Springs	49049	61397	40.344608	-111.915893
4970850	South Jordan	49035	87614	40.555007	-111.992337
4971070	South Salt Lake	49035	26934	40.705649	-111.898617
4971290	Spanish Fork	49049	48837	40.113182	-111.643067
4972280	Springville	49049	35670	40.164273	-111.619525
4974810	Syracuse	49011	39909	41.08543	-112.071668
4975360	Taylorsville	49035	57484	40.656942	-111.94933
4976680	Tooele	49045	42270	40.539396	-112.307843
4981960	Washington	49053	37107	37.126675	-113.48776
4982930	West Haven	49057	25627	41.209075	-112.053612
4982950	West Jordan	49035	116812	40.602862	-112.001544
4983470	West Valley City	49035	137491	40.688493	-112.011759
5010675	Burlington	50007	44019	44.492373	-73.239498
5101000	Alexandria	51510	160662	38.818815	-77.083227
5107784	Blacksburg	51121	45104	37.231264	-80.426745
5114968	Charlottesville	51540	44388	38.037658	-78.485381
5116000	Chesapeake	51550	255332	36.679376	-76.301788
5121344	Danville	51590	41647	36.581754	-79.408258
5126496	Fairfax	51600	26772	38.853183	-77.299025
5129744	Fredericksburg	51630	30393	38.299272	-77.486658
5135000	Hampton	51650	137315	37.047961	-76.297293
5135624	Harrisonburg	51660	50839	38.436255	-78.873303
5136648	Herndon	51059	25506	38.970412	-77.387073
5144984	Leesburg	51107	49917	39.102847	-77.554525
5147672	Lynchburg	51680	81347	37.399069	-79.195294
5148952	Manassas	51683	44332	38.746808	-77.482633
5156000	Newport News	51700	183230	37.076456	-76.520641
5157000	Norfolk	51710	231013	36.923015	-76.244641
5161832	Petersburg	51730	33734	37.20473	-77.392368
5164000	Portsmouth	51740	96777	36.863852	-76.362368
5167000	Richmond	51760	237257	37.531399	-77.476009
5168000	Roanoke	51770	99111	37.278458	-79.958174
5170000	Salem	51775	25816	37.285333	-80.055241
5175216	Staunton	51790	26801	38.157978	-79.061876
5176432	Suffolk	51800	104699	36.697157	-76.634781
5182000	Virginia Beach	51810	453737	36.779113	-76.02845
5186720	Winchester	51840	28272	39.173869	-78.176356
5303180	Auburn	53033	86301	47.304622	-122.210455
5305210	Bellevue	53033	154193	47.597425	-122.157467
5305280	Bellingham	53073	96395	48.753442	-122.470179
5307380	Bothell	53033	52199	47.773531	-122.204376
5307695	Bremerton	53035	45482	47.539967	-122.717063
5308850	Burien	53033	51859	47.475605	-122.344661
5309480	Camas	53011	27749	45.601809	-122.430381
5317635	Des Moines	53033	33032	47.388708	-122.317581
5320750	Edmonds	53061	42748	47.813604	-122.35333
5322640	Everett	53061	113567	47.961199	-122.188933
5323515	Federal Way	53033	99729	47.311596	-122.337757
5333805	Issaquah	53033	39423	47.546249	-122.058147
5335275	Kennewick	53005	88366	46.197622	-119.175923
5335415	Kent	53033	134871	47.390008	-122.213528
5335940	Kirkland	53033	97410	47.69702	-122.203694
5336745	Lacey	53067	58833	47.045665	-122.795252
5337900	Lake Stevens	53061	42091	48.003405	-122.096828
5338038	Lakewood	53053	62755	47.164092	-122.528106
5340245	Longview	53015	38362	46.145707	-122.964299
5340840	Lynnwood	53061	42132	47.828979	-122.300672
5343150	Maple Valley	53033	28482	47.367147	-122.034815
5343955	Marysville	53061	77686	48.080214	-122.154312
5345005	Mercer Island	53033	25422	47.564004	-122.231214
5347245	Moses Lake	53025	27469	47.12785	-119.276384
5347490	Mountlake Terrace	53061	25430	47.794369	-122.302498
5347560	Mount Vernon	53057	35193	48.417071	-122.311832
5351300	Olympia	53067	56724	47.040604	-122.895
5353545	Pasco	53021	82848	46.266113	-119.121426
5356625	Pullman	53075	33756	46.733126	-117.168277
5356695	Puyallup	53053	42682	47.179046	-122.291523
5357535	Redmond	53033	82506	47.677924	-122.115336
5357745	Renton	53033	104975	47.479488	-122.194892
5358235	Richland	53005	65258	46.28698	-119.294045
5361115	Sammamish	53033	66110	47.594268	-122.038081
5362288	SeaTac	53033	34578	47.443688	-122.298516
5363000	Seattle	53033	784777	47.619335	-122.351538
5363960	Shoreline	53033	66542	47.757532	-122.345303
5367000	Spokane	53063	230783	47.666935	-117.433322
5367167	Spokane Valley	53063	108405	47.663353	-117.23278
5370000	Tacoma	53053	229816	47.252199	-122.459832
5372905	Tumwater	53067	28010	46.989463	-122.917277
5373465	University Place	53053	35479	47.215371	-122.547259
5374060	Vancouver	53011	199698	45.637156	-122.596567
5375775	Walla Walla	53071	34058	46.067006	-118.337033
5377105	Wenatchee	53007	35547	47.435985	-120.329266
5380010	Yakima	53077	97458	46.590938	-120.5494
5414600	Charleston	54039	46117	38.348692	-81.632324
5439460	Huntington	54011	44815	38.40934	-82.433516
5455756	Morgantown	54061	30293	39.637487	-79.946854
5462140	Parkersburg	54107	28593	39.261319	-81.54336
5486452	Wheeling	54069	25680	40.07494	-80.693434
5502375	Appleton	55087	75452	44.279795	-88.388303
5506500	Beloit	55105	36649	42.523506	-89.01766
5510025	Brookfield	55133	41448	43.06432	-88.117794
5511950	Caledonia	55101	25229	42.797411	-87.877405
5522300	Eau Claire	55035	72465	44.818343	-91.494769
5525950	Fitchburg	55025	34615	42.985782	-89.425334
5526275	Fond du Lac	55039	44541	43.772182	-88.440264
5527300	Franklin	55079	36687	42.883879	-88.011548
5531000	Green Bay	55009	106675	44.521542	-87.986568
5531175	Greenfield	55079	37159	42.960957	-88.004223
5537825	Janesville	55105	66929	42.684698	-89.01317
5539225	Kenosha	55059	99239	42.587526	-87.879996
5540775	La Crosse	55063	50784	43.825075	-91.22457
5548000	Madison	55025	286233	43.087815	-89.429856
5548500	Manitowoc	55071	34671	44.097981	-87.678945
5551000	Menomonee Falls	55133	41291	43.159411	-88.121548
5551150	Mequon	55089	25120	43.21117	-88.015761
5553000	Milwaukee	55079	562407	43.063348	-87.966695
5554875	Mount Pleasant	55101	28253	42.708832	-87.884894
5555275	Muskego	55133	25602	42.871356	-88.13432
5555750	Neenah	55139	27638	44.164575	-88.480038
5556375	New Berlin	55133	39953	42.972	-88.129168
5558800	Oak Creek	55079	38296	42.878693	-87.898676
5560500	Oshkosh	55139	67460	44.023168	-88.56226
5566000	Racine	55101	77908	42.725569	-87.814224
5572975	Sheboygan	55117	49376	43.738713	-87.731531
5577200	Stevens Point	55097	26377	44.5253	-89.550377
5578600	Sun Prairie	55025	39227	43.183796	-89.234319
5578650	Superior	55031	26397	46.693164	-92.081086
5584250	Waukesha	55133	70872	43.009084	-88.245062
5584475	Wausau	55073	40188	44.961766	-89.646538
5584675	Wauwatosa	55079	48649	43.063165	-88.035583
5585300	West Allis	55079	60119	43.007186	-88.028986
5585350	West Bend	55131	32268	43.417492	-88.181685
5613150	Casper	56025	58771	42.84212	-106.321282
5613900	Cheyenne	56021	66507	41.128275	-104.799155
5631855	Gillette	56005	34024	44.27258	-105.498936
5645050	Laramie	56001	32284	41.31181	-105.606472
